[
  {
    "kdex": "#001",
    "ndex": "#001",
    "name": "Bulbasaur",
    "type1": "Grass",
    "type2": "Poison",
    "URL": "https://bulbapedia.bulbagarden.net//wiki/Bulbasaur_%28Pok%C3%A9mon%29"
  },
  {
    "kdex": "#002",
    "ndex": "#002",
    "name": "Ivysaur",
    "type1": "Grass",
    "type2": "Poison",
    "URL": "https://bulbapedia.bulbagarden.net//wiki/Ivysaur_%28Pok%C3%A9mon%29"
  },
  {
    "kdex": "#003",
    "ndex": "#003",
    "name": "Venusaur",
    "type1": "Grass",
    "type2": "Poison",
    "URL": "https://bulbapedia.bulbagarden.net//wiki/Venusaur_%28Pok%C3%A9mon%29"
  },
  {
    "kdex": "#004",
    "ndex": "#004",
    "name": "Charmander",
    "type1": "Fire",
    "URL": "https://bulbapedia.bulbagarden.net//wiki/Charmander_%28Pok%C3%A9mon%29"
  },
  {
    "kdex": "#005",
    "ndex": "#005",
    "name": "Charmeleon",
    "type1": "Fire",
    "URL": "https://bulbapedia.bulbagarden.net//wiki/Charmeleon_%28Pok%C3%A9mon%29"
  },
  {
    "kdex": "#006",
    "ndex": "#006",
    "name": "Charizard",
    "type1": "Fire",
    "type2": "Flying",
    "URL": "https://bulbapedia.bulbagarden.net//wiki/Charizard_%28Pok%C3%A9mon%29"
  },
  {
    "kdex": "#007",
    "ndex": "#007",
    "name": "Squirtle",
    "type1": "Water",
    "URL": "https://bulbapedia.bulbagarden.net//wiki/Squirtle_%28Pok%C3%A9mon%29"
  },
  {
    "kdex": "#008",
    "ndex": "#008",
    "name": "Wartortle",
    "type1": "Water",
    "URL": "https://bulbapedia.bulbagarden.net//wiki/Wartortle_%28Pok%C3%A9mon%29"
  },
  {
    "kdex": "#009",
    "ndex": "#009",
    "name": "Blastoise",
    "type1": "Water",
    "URL": "https://bulbapedia.bulbagarden.net//wiki/Blastoise_%28Pok%C3%A9mon%29"
  },
  {
    "kdex": "#010",
    "ndex": "#010",
    "name": "Caterpie",
    "type1": "Bug",
    "URL": "https://bulbapedia.bulbagarden.net//wiki/Caterpie_%28Pok%C3%A9mon%29"
  },
  {
    "kdex": "#011",
    "ndex": "#011",
    "name": "Metapod",
    "type1": "Bug",
    "URL": "https://bulbapedia.bulbagarden.net//wiki/Metapod_%28Pok%C3%A9mon%29"
  },
  {
    "kdex": "#012",
    "ndex": "#012",
    "name": "Butterfree",
    "type1": "Bug",
    "type2": "Flying",
    "URL": "https://bulbapedia.bulbagarden.net//wiki/Butterfree_%28Pok%C3%A9mon%29"
  },
  {
    "kdex": "#013",
    "ndex": "#013",
    "name": "Weedle",
    "type1": "Bug",
    "type2": "Poison",
    "URL": "https://bulbapedia.bulbagarden.net//wiki/Weedle_%28Pok%C3%A9mon%29"
  },
  {
    "kdex": "#014",
    "ndex": "#014",
    "name": "Kakuna",
    "type1": "Bug",
    "type2": "Poison",
    "URL": "https://bulbapedia.bulbagarden.net//wiki/Kakuna_%28Pok%C3%A9mon%29"
  },
  {
    "kdex": "#015",
    "ndex": "#015",
    "name": "Beedrill",
    "type1": "Bug",
    "type2": "Poison",
    "URL": "https://bulbapedia.bulbagarden.net//wiki/Beedrill_%28Pok%C3%A9mon%29"
  },
  {
    "kdex": "#016",
    "ndex": "#016",
    "name": "Pidgey",
    "type1": "Normal",
    "type2": "Flying",
    "URL": "https://bulbapedia.bulbagarden.net//wiki/Pidgey_%28Pok%C3%A9mon%29"
  },
  {
    "kdex": "#017",
    "ndex": "#017",
    "name": "Pidgeotto",
    "type1": "Normal",
    "type2": "Flying",
    "URL": "https://bulbapedia.bulbagarden.net//wiki/Pidgeotto_%28Pok%C3%A9mon%29"
  },
  {
    "kdex": "#018",
    "ndex": "#018",
    "name": "Pidgeot",
    "type1": "Normal",
    "type2": "Flying",
    "URL": "https://bulbapedia.bulbagarden.net//wiki/Pidgeot_%28Pok%C3%A9mon%29"
  },
  {
    "kdex": "#019",
    "ndex": "#019",
    "name": "Rattata",
    "type1": "Normal",
    "URL": "https://bulbapedia.bulbagarden.net//wiki/Rattata_%28Pok%C3%A9mon%29"
  },
  {
    "kdex": "",
    "ndex": "#019",
    "name": "Rattata",
    "type1": "Dark",
    "type2": "Normal",
    "URL": "https://bulbapedia.bulbagarden.net//wiki/Rattata_%28Pok%C3%A9mon%29"
  },
  {
    "kdex": "#020",
    "ndex": "#020",
    "name": "Raticate",
    "type1": "Normal",
    "URL": "https://bulbapedia.bulbagarden.net//wiki/Raticate_%28Pok%C3%A9mon%29"
  },
  {
    "kdex": "",
    "ndex": "#020",
    "name": "Raticate",
    "type1": "Dark",
    "type2": "Normal",
    "URL": "https://bulbapedia.bulbagarden.net//wiki/Raticate_%28Pok%C3%A9mon%29"
  },
  {
    "kdex": "#021",
    "ndex": "#021",
    "name": "Spearow",
    "type1": "Normal",
    "type2": "Flying",
    "URL": "https://bulbapedia.bulbagarden.net//wiki/Spearow_%28Pok%C3%A9mon%29"
  },
  {
    "kdex": "#022",
    "ndex": "#022",
    "name": "Fearow",
    "type1": "Normal",
    "type2": "Flying",
    "URL": "https://bulbapedia.bulbagarden.net//wiki/Fearow_%28Pok%C3%A9mon%29"
  },
  {
    "kdex": "#023",
    "ndex": "#023",
    "name": "Ekans",
    "type1": "Poison",
    "URL": "https://bulbapedia.bulbagarden.net//wiki/Ekans_%28Pok%C3%A9mon%29"
  },
  {
    "kdex": "#024",
    "ndex": "#024",
    "name": "Arbok",
    "type1": "Poison",
    "URL": "https://bulbapedia.bulbagarden.net//wiki/Arbok_%28Pok%C3%A9mon%29"
  },
  {
    "kdex": "#025",
    "ndex": "#025",
    "name": "Pikachu",
    "type1": "Electric",
    "URL": "https://bulbapedia.bulbagarden.net//wiki/Pikachu_%28Pok%C3%A9mon%29"
  },
  {
    "kdex": "#026",
    "ndex": "#026",
    "name": "Raichu",
    "type1": "Electric",
    "URL": "https://bulbapedia.bulbagarden.net//wiki/Raichu_%28Pok%C3%A9mon%29"
  },
  {
    "kdex": "",
    "ndex": "#026",
    "name": "Raichu",
    "type1": "Electric",
    "type2": "Psychic",
    "URL": "https://bulbapedia.bulbagarden.net//wiki/Raichu_%28Pok%C3%A9mon%29"
  },
  {
    "kdex": "#027",
    "ndex": "#027",
    "name": "Sandshrew",
    "type1": "Ground",
    "URL": "https://bulbapedia.bulbagarden.net//wiki/Sandshrew_%28Pok%C3%A9mon%29"
  },
  {
    "kdex": "",
    "ndex": "#027",
    "name": "Sandshrew",
    "type1": "Ice",
    "type2": "Steel",
    "URL": "https://bulbapedia.bulbagarden.net//wiki/Sandshrew_%28Pok%C3%A9mon%29"
  },
  {
    "kdex": "#028",
    "ndex": "#028",
    "name": "Sandslash",
    "type1": "Ground",
    "URL": "https://bulbapedia.bulbagarden.net//wiki/Sandslash_%28Pok%C3%A9mon%29"
  },
  {
    "kdex": "",
    "ndex": "#028",
    "name": "Sandslash",
    "type1": "Ice",
    "type2": "Steel",
    "URL": "https://bulbapedia.bulbagarden.net//wiki/Sandslash_%28Pok%C3%A9mon%29"
  },
  {
    "kdex": "#029",
    "ndex": "#029",
    "name": "Nidoran\u2640",
    "type1": "Poison",
    "URL": "https://bulbapedia.bulbagarden.net//wiki/Nidoran%E2%99%80_%28Pok%C3%A9mon%29"
  },
  {
    "kdex": "#030",
    "ndex": "#030",
    "name": "Nidorina",
    "type1": "Poison",
    "URL": "https://bulbapedia.bulbagarden.net//wiki/Nidorina_%28Pok%C3%A9mon%29"
  },
  {
    "kdex": "#031",
    "ndex": "#031",
    "name": "Nidoqueen",
    "type1": "Poison",
    "type2": "Ground",
    "URL": "https://bulbapedia.bulbagarden.net//wiki/Nidoqueen_%28Pok%C3%A9mon%29"
  },
  {
    "kdex": "#032",
    "ndex": "#032",
    "name": "Nidoran\u2642",
    "type1": "Poison",
    "URL": "https://bulbapedia.bulbagarden.net//wiki/Nidoran%E2%99%82_%28Pok%C3%A9mon%29"
  },
  {
    "kdex": "#033",
    "ndex": "#033",
    "name": "Nidorino",
    "type1": "Poison",
    "URL": "https://bulbapedia.bulbagarden.net//wiki/Nidorino_%28Pok%C3%A9mon%29"
  },
  {
    "kdex": "#034",
    "ndex": "#034",
    "name": "Nidoking",
    "type1": "Poison",
    "type2": "Ground",
    "URL": "https://bulbapedia.bulbagarden.net//wiki/Nidoking_%28Pok%C3%A9mon%29"
  },
  {
    "kdex": "#035",
    "ndex": "#035",
    "name": "Clefairy",
    "type1": "Fairy",
    "URL": "https://bulbapedia.bulbagarden.net//wiki/Clefairy_%28Pok%C3%A9mon%29"
  },
  {
    "kdex": "#036",
    "ndex": "#036",
    "name": "Clefable",
    "type1": "Fairy",
    "URL": "https://bulbapedia.bulbagarden.net//wiki/Clefable_%28Pok%C3%A9mon%29"
  },
  {
    "kdex": "#037",
    "ndex": "#037",
    "name": "Vulpix",
    "type1": "Fire",
    "URL": "https://bulbapedia.bulbagarden.net//wiki/Vulpix_%28Pok%C3%A9mon%29"
  },
  {
    "kdex": "",
    "ndex": "#037",
    "name": "Vulpix",
    "type1": "Ice",
    "URL": "https://bulbapedia.bulbagarden.net//wiki/Vulpix_%28Pok%C3%A9mon%29"
  },
  {
    "kdex": "#038",
    "ndex": "#038",
    "name": "Ninetales",
    "type1": "Fire",
    "URL": "https://bulbapedia.bulbagarden.net//wiki/Ninetales_%28Pok%C3%A9mon%29"
  },
  {
    "kdex": "",
    "ndex": "#038",
    "name": "Ninetales",
    "type1": "Ice",
    "type2": "Fairy",
    "URL": "https://bulbapedia.bulbagarden.net//wiki/Ninetales_%28Pok%C3%A9mon%29"
  },
  {
    "kdex": "#039",
    "ndex": "#039",
    "name": "Jigglypuff",
    "type1": "Normal",
    "type2": "Fairy",
    "URL": "https://bulbapedia.bulbagarden.net//wiki/Jigglypuff_%28Pok%C3%A9mon%29"
  },
  {
    "kdex": "#040",
    "ndex": "#040",
    "name": "Wigglytuff",
    "type1": "Normal",
    "type2": "Fairy",
    "URL": "https://bulbapedia.bulbagarden.net//wiki/Wigglytuff_%28Pok%C3%A9mon%29"
  },
  {
    "kdex": "#041",
    "ndex": "#041",
    "name": "Zubat",
    "type1": "Poison",
    "type2": "Flying",
    "URL": "https://bulbapedia.bulbagarden.net//wiki/Zubat_%28Pok%C3%A9mon%29"
  },
  {
    "kdex": "#042",
    "ndex": "#042",
    "name": "Golbat",
    "type1": "Poison",
    "type2": "Flying",
    "URL": "https://bulbapedia.bulbagarden.net//wiki/Golbat_%28Pok%C3%A9mon%29"
  },
  {
    "kdex": "#043",
    "ndex": "#043",
    "name": "Oddish",
    "type1": "Grass",
    "type2": "Poison",
    "URL": "https://bulbapedia.bulbagarden.net//wiki/Oddish_%28Pok%C3%A9mon%29"
  },
  {
    "kdex": "#044",
    "ndex": "#044",
    "name": "Gloom",
    "type1": "Grass",
    "type2": "Poison",
    "URL": "https://bulbapedia.bulbagarden.net//wiki/Gloom_%28Pok%C3%A9mon%29"
  },
  {
    "kdex": "#045",
    "ndex": "#045",
    "name": "Vileplume",
    "type1": "Grass",
    "type2": "Poison",
    "URL": "https://bulbapedia.bulbagarden.net//wiki/Vileplume_%28Pok%C3%A9mon%29"
  },
  {
    "kdex": "#046",
    "ndex": "#046",
    "name": "Paras",
    "type1": "Bug",
    "type2": "Grass",
    "URL": "https://bulbapedia.bulbagarden.net//wiki/Paras_%28Pok%C3%A9mon%29"
  },
  {
    "kdex": "#047",
    "ndex": "#047",
    "name": "Parasect",
    "type1": "Bug",
    "type2": "Grass",
    "URL": "https://bulbapedia.bulbagarden.net//wiki/Parasect_%28Pok%C3%A9mon%29"
  },
  {
    "kdex": "#048",
    "ndex": "#048",
    "name": "Venonat",
    "type1": "Bug",
    "type2": "Poison",
    "URL": "https://bulbapedia.bulbagarden.net//wiki/Venonat_%28Pok%C3%A9mon%29"
  },
  {
    "kdex": "#049",
    "ndex": "#049",
    "name": "Venomoth",
    "type1": "Bug",
    "type2": "Poison",
    "URL": "https://bulbapedia.bulbagarden.net//wiki/Venomoth_%28Pok%C3%A9mon%29"
  },
  {
    "kdex": "#050",
    "ndex": "#050",
    "name": "Diglett",
    "type1": "Ground",
    "URL": "https://bulbapedia.bulbagarden.net//wiki/Diglett_%28Pok%C3%A9mon%29"
  },
  {
    "kdex": "",
    "ndex": "#050",
    "name": "Diglett",
    "type1": "Ground",
    "type2": "Steel",
    "URL": "https://bulbapedia.bulbagarden.net//wiki/Diglett_%28Pok%C3%A9mon%29"
  },
  {
    "kdex": "#051",
    "ndex": "#051",
    "name": "Dugtrio",
    "type1": "Ground",
    "URL": "https://bulbapedia.bulbagarden.net//wiki/Dugtrio_%28Pok%C3%A9mon%29"
  },
  {
    "kdex": "",
    "ndex": "#051",
    "name": "Dugtrio",
    "type1": "Ground",
    "type2": "Steel",
    "URL": "https://bulbapedia.bulbagarden.net//wiki/Dugtrio_%28Pok%C3%A9mon%29"
  },
  {
    "kdex": "#052",
    "ndex": "#052",
    "name": "Meowth",
    "type1": "Normal",
    "URL": "https://bulbapedia.bulbagarden.net//wiki/Meowth_%28Pok%C3%A9mon%29"
  },
  {
    "kdex": "",
    "ndex": "#052",
    "name": "Meowth",
    "type1": "Dark",
    "URL": "https://bulbapedia.bulbagarden.net//wiki/Meowth_%28Pok%C3%A9mon%29"
  },
  {
    "kdex": "",
    "ndex": "#052",
    "name": "Meowth",
    "type1": "Steel",
    "URL": "https://bulbapedia.bulbagarden.net//wiki/Meowth_%28Pok%C3%A9mon%29"
  },
  {
    "kdex": "#053",
    "ndex": "#053",
    "name": "Persian",
    "type1": "Normal",
    "URL": "https://bulbapedia.bulbagarden.net//wiki/Persian_%28Pok%C3%A9mon%29"
  },
  {
    "kdex": "",
    "ndex": "#053",
    "name": "Persian",
    "type1": "Dark",
    "URL": "https://bulbapedia.bulbagarden.net//wiki/Persian_%28Pok%C3%A9mon%29"
  },
  {
    "kdex": "#054",
    "ndex": "#054",
    "name": "Psyduck",
    "type1": "Water",
    "URL": "https://bulbapedia.bulbagarden.net//wiki/Psyduck_%28Pok%C3%A9mon%29"
  },
  {
    "kdex": "#055",
    "ndex": "#055",
    "name": "Golduck",
    "type1": "Water",
    "URL": "https://bulbapedia.bulbagarden.net//wiki/Golduck_%28Pok%C3%A9mon%29"
  },
  {
    "kdex": "#056",
    "ndex": "#056",
    "name": "Mankey",
    "type1": "Fighting",
    "URL": "https://bulbapedia.bulbagarden.net//wiki/Mankey_%28Pok%C3%A9mon%29"
  },
  {
    "kdex": "#057",
    "ndex": "#057",
    "name": "Primeape",
    "type1": "Fighting",
    "URL": "https://bulbapedia.bulbagarden.net//wiki/Primeape_%28Pok%C3%A9mon%29"
  },
  {
    "kdex": "#058",
    "ndex": "#058",
    "name": "Growlithe",
    "type1": "Fire",
    "URL": "https://bulbapedia.bulbagarden.net//wiki/Growlithe_%28Pok%C3%A9mon%29"
  },
  {
    "kdex": "#059",
    "ndex": "#059",
    "name": "Arcanine",
    "type1": "Fire",
    "URL": "https://bulbapedia.bulbagarden.net//wiki/Arcanine_%28Pok%C3%A9mon%29"
  },
  {
    "kdex": "#060",
    "ndex": "#060",
    "name": "Poliwag",
    "type1": "Water",
    "URL": "https://bulbapedia.bulbagarden.net//wiki/Poliwag_%28Pok%C3%A9mon%29"
  },
  {
    "kdex": "#061",
    "ndex": "#061",
    "name": "Poliwhirl",
    "type1": "Water",
    "URL": "https://bulbapedia.bulbagarden.net//wiki/Poliwhirl_%28Pok%C3%A9mon%29"
  },
  {
    "kdex": "#062",
    "ndex": "#062",
    "name": "Poliwrath",
    "type1": "Water",
    "type2": "Fighting",
    "URL": "https://bulbapedia.bulbagarden.net//wiki/Poliwrath_%28Pok%C3%A9mon%29"
  },
  {
    "kdex": "#063",
    "ndex": "#063",
    "name": "Abra",
    "type1": "Psychic",
    "URL": "https://bulbapedia.bulbagarden.net//wiki/Abra_%28Pok%C3%A9mon%29"
  },
  {
    "kdex": "#064",
    "ndex": "#064",
    "name": "Kadabra",
    "type1": "Psychic",
    "URL": "https://bulbapedia.bulbagarden.net//wiki/Kadabra_%28Pok%C3%A9mon%29"
  },
  {
    "kdex": "#065",
    "ndex": "#065",
    "name": "Alakazam",
    "type1": "Psychic",
    "URL": "https://bulbapedia.bulbagarden.net//wiki/Alakazam_%28Pok%C3%A9mon%29"
  },
  {
    "kdex": "#066",
    "ndex": "#066",
    "name": "Machop",
    "type1": "Fighting",
    "URL": "https://bulbapedia.bulbagarden.net//wiki/Machop_%28Pok%C3%A9mon%29"
  },
  {
    "kdex": "#067",
    "ndex": "#067",
    "name": "Machoke",
    "type1": "Fighting",
    "URL": "https://bulbapedia.bulbagarden.net//wiki/Machoke_%28Pok%C3%A9mon%29"
  },
  {
    "kdex": "#068",
    "ndex": "#068",
    "name": "Machamp",
    "type1": "Fighting",
    "URL": "https://bulbapedia.bulbagarden.net//wiki/Machamp_%28Pok%C3%A9mon%29"
  },
  {
    "kdex": "#069",
    "ndex": "#069",
    "name": "Bellsprout",
    "type1": "Grass",
    "type2": "Poison",
    "URL": "https://bulbapedia.bulbagarden.net//wiki/Bellsprout_%28Pok%C3%A9mon%29"
  },
  {
    "kdex": "#070",
    "ndex": "#070",
    "name": "Weepinbell",
    "type1": "Grass",
    "type2": "Poison",
    "URL": "https://bulbapedia.bulbagarden.net//wiki/Weepinbell_%28Pok%C3%A9mon%29"
  },
  {
    "kdex": "#071",
    "ndex": "#071",
    "name": "Victreebel",
    "type1": "Grass",
    "type2": "Poison",
    "URL": "https://bulbapedia.bulbagarden.net//wiki/Victreebel_%28Pok%C3%A9mon%29"
  },
  {
    "kdex": "#072",
    "ndex": "#072",
    "name": "Tentacool",
    "type1": "Water",
    "type2": "Poison",
    "URL": "https://bulbapedia.bulbagarden.net//wiki/Tentacool_%28Pok%C3%A9mon%29"
  },
  {
    "kdex": "#073",
    "ndex": "#073",
    "name": "Tentacruel",
    "type1": "Water",
    "type2": "Poison",
    "URL": "https://bulbapedia.bulbagarden.net//wiki/Tentacruel_%28Pok%C3%A9mon%29"
  },
  {
    "kdex": "#074",
    "ndex": "#074",
    "name": "Geodude",
    "type1": "Rock",
    "type2": "Ground",
    "URL": "https://bulbapedia.bulbagarden.net//wiki/Geodude_%28Pok%C3%A9mon%29"
  },
  {
    "kdex": "",
    "ndex": "#074",
    "name": "Geodude",
    "type1": "Rock",
    "type2": "Electric",
    "URL": "https://bulbapedia.bulbagarden.net//wiki/Geodude_%28Pok%C3%A9mon%29"
  },
  {
    "kdex": "#075",
    "ndex": "#075",
    "name": "Graveler",
    "type1": "Rock",
    "type2": "Ground",
    "URL": "https://bulbapedia.bulbagarden.net//wiki/Graveler_%28Pok%C3%A9mon%29"
  },
  {
    "kdex": "",
    "ndex": "#075",
    "name": "Graveler",
    "type1": "Rock",
    "type2": "Electric",
    "URL": "https://bulbapedia.bulbagarden.net//wiki/Graveler_%28Pok%C3%A9mon%29"
  },
  {
    "kdex": "#076",
    "ndex": "#076",
    "name": "Golem",
    "type1": "Rock",
    "type2": "Ground",
    "URL": "https://bulbapedia.bulbagarden.net//wiki/Golem_%28Pok%C3%A9mon%29"
  },
  {
    "kdex": "",
    "ndex": "#076",
    "name": "Golem",
    "type1": "Rock",
    "type2": "Electric",
    "URL": "https://bulbapedia.bulbagarden.net//wiki/Golem_%28Pok%C3%A9mon%29"
  },
  {
    "kdex": "#077",
    "ndex": "#077",
    "name": "Ponyta",
    "type1": "Fire",
    "URL": "https://bulbapedia.bulbagarden.net//wiki/Ponyta_%28Pok%C3%A9mon%29"
  },
  {
    "kdex": "",
    "ndex": "#077",
    "name": "Ponyta",
    "type1": "Psychic",
    "URL": "https://bulbapedia.bulbagarden.net//wiki/Ponyta_%28Pok%C3%A9mon%29"
  },
  {
    "kdex": "#078",
    "ndex": "#078",
    "name": "Rapidash",
    "type1": "Fire",
    "URL": "https://bulbapedia.bulbagarden.net//wiki/Rapidash_%28Pok%C3%A9mon%29"
  },
  {
    "kdex": "",
    "ndex": "#078",
    "name": "Rapidash",
    "type1": "Psychic",
    "type2": "Fairy",
    "URL": "https://bulbapedia.bulbagarden.net//wiki/Rapidash_%28Pok%C3%A9mon%29"
  },
  {
    "kdex": "#079",
    "ndex": "#079",
    "name": "Slowpoke",
    "type1": "Water",
    "type2": "Psychic",
    "URL": "https://bulbapedia.bulbagarden.net//wiki/Slowpoke_%28Pok%C3%A9mon%29"
  },
  {
    "kdex": "",
    "ndex": "#079",
    "name": "Slowpoke",
    "type1": "Psychic",
    "URL": "https://bulbapedia.bulbagarden.net//wiki/Slowpoke_%28Pok%C3%A9mon%29"
  },
  {
    "kdex": "#080",
    "ndex": "#080",
    "name": "Slowbro",
    "type1": "Water",
    "type2": "Psychic",
    "URL": "https://bulbapedia.bulbagarden.net//wiki/Slowbro_%28Pok%C3%A9mon%29"
  },
  {
    "kdex": "",
    "ndex": "#080",
    "name": "Slowbro",
    "type1": "Poison",
    "type2": "Psychic",
    "URL": "https://bulbapedia.bulbagarden.net//wiki/Slowbro_%28Pok%C3%A9mon%29"
  },
  {
    "kdex": "#081",
    "ndex": "#081",
    "name": "Magnemite",
    "type1": "Electric",
    "type2": "Steel",
    "URL": "https://bulbapedia.bulbagarden.net//wiki/Magnemite_%28Pok%C3%A9mon%29"
  },
  {
    "kdex": "#082",
    "ndex": "#082",
    "name": "Magneton",
    "type1": "Electric",
    "type2": "Steel",
    "URL": "https://bulbapedia.bulbagarden.net//wiki/Magneton_%28Pok%C3%A9mon%29"
  },
  {
    "kdex": "#083",
    "ndex": "#083",
    "name": "Farfetch'd",
    "type1": "Normal",
    "type2": "Flying",
    "URL": "https://bulbapedia.bulbagarden.net//wiki/Farfetch%27d_%28Pok%C3%A9mon%29"
  },
  {
    "kdex": "",
    "ndex": "#083",
    "name": "Farfetch'd",
    "type1": "Fighting",
    "URL": "https://bulbapedia.bulbagarden.net//wiki/Farfetch%27d_%28Pok%C3%A9mon%29"
  },
  {
    "kdex": "#084",
    "ndex": "#084",
    "name": "Doduo",
    "type1": "Normal",
    "type2": "Flying",
    "URL": "https://bulbapedia.bulbagarden.net//wiki/Doduo_%28Pok%C3%A9mon%29"
  },
  {
    "kdex": "#085",
    "ndex": "#085",
    "name": "Dodrio",
    "type1": "Normal",
    "type2": "Flying",
    "URL": "https://bulbapedia.bulbagarden.net//wiki/Dodrio_%28Pok%C3%A9mon%29"
  },
  {
    "kdex": "#086",
    "ndex": "#086",
    "name": "Seel",
    "type1": "Water",
    "URL": "https://bulbapedia.bulbagarden.net//wiki/Seel_%28Pok%C3%A9mon%29"
  },
  {
    "kdex": "#087",
    "ndex": "#087",
    "name": "Dewgong",
    "type1": "Water",
    "type2": "Ice",
    "URL": "https://bulbapedia.bulbagarden.net//wiki/Dewgong_%28Pok%C3%A9mon%29"
  },
  {
    "kdex": "#088",
    "ndex": "#088",
    "name": "Grimer",
    "type1": "Poison",
    "URL": "https://bulbapedia.bulbagarden.net//wiki/Grimer_%28Pok%C3%A9mon%29"
  },
  {
    "kdex": "",
    "ndex": "#088",
    "name": "Grimer",
    "type1": "Poison",
    "type2": "Dark",
    "URL": "https://bulbapedia.bulbagarden.net//wiki/Grimer_%28Pok%C3%A9mon%29"
  },
  {
    "kdex": "#089",
    "ndex": "#089",
    "name": "Muk",
    "type1": "Poison",
    "URL": "https://bulbapedia.bulbagarden.net//wiki/Muk_%28Pok%C3%A9mon%29"
  },
  {
    "kdex": "",
    "ndex": "#089",
    "name": "Muk",
    "type1": "Poison",
    "type2": "Dark",
    "URL": "https://bulbapedia.bulbagarden.net//wiki/Muk_%28Pok%C3%A9mon%29"
  },
  {
    "kdex": "#090",
    "ndex": "#090",
    "name": "Shellder",
    "type1": "Water",
    "URL": "https://bulbapedia.bulbagarden.net//wiki/Shellder_%28Pok%C3%A9mon%29"
  },
  {
    "kdex": "#091",
    "ndex": "#091",
    "name": "Cloyster",
    "type1": "Water",
    "type2": "Ice",
    "URL": "https://bulbapedia.bulbagarden.net//wiki/Cloyster_%28Pok%C3%A9mon%29"
  },
  {
    "kdex": "#092",
    "ndex": "#092",
    "name": "Gastly",
    "type1": "Ghost",
    "type2": "Poison",
    "URL": "https://bulbapedia.bulbagarden.net//wiki/Gastly_%28Pok%C3%A9mon%29"
  },
  {
    "kdex": "#093",
    "ndex": "#093",
    "name": "Haunter",
    "type1": "Ghost",
    "type2": "Poison",
    "URL": "https://bulbapedia.bulbagarden.net//wiki/Haunter_%28Pok%C3%A9mon%29"
  },
  {
    "kdex": "#094",
    "ndex": "#094",
    "name": "Gengar",
    "type1": "Ghost",
    "type2": "Poison",
    "URL": "https://bulbapedia.bulbagarden.net//wiki/Gengar_%28Pok%C3%A9mon%29"
  },
  {
    "kdex": "#095",
    "ndex": "#095",
    "name": "Onix",
    "type1": "Rock",
    "type2": "Ground",
    "URL": "https://bulbapedia.bulbagarden.net//wiki/Onix_%28Pok%C3%A9mon%29"
  },
  {
    "kdex": "#096",
    "ndex": "#096",
    "name": "Drowzee",
    "type1": "Psychic",
    "URL": "https://bulbapedia.bulbagarden.net//wiki/Drowzee_%28Pok%C3%A9mon%29"
  },
  {
    "kdex": "#097",
    "ndex": "#097",
    "name": "Hypno",
    "type1": "Psychic",
    "URL": "https://bulbapedia.bulbagarden.net//wiki/Hypno_%28Pok%C3%A9mon%29"
  },
  {
    "kdex": "#098",
    "ndex": "#098",
    "name": "Krabby",
    "type1": "Water",
    "URL": "https://bulbapedia.bulbagarden.net//wiki/Krabby_%28Pok%C3%A9mon%29"
  },
  {
    "kdex": "#099",
    "ndex": "#099",
    "name": "Kingler",
    "type1": "Water",
    "URL": "https://bulbapedia.bulbagarden.net//wiki/Kingler_%28Pok%C3%A9mon%29"
  },
  {
    "kdex": "#100",
    "ndex": "#100",
    "name": "Voltorb",
    "type1": "Electric",
    "URL": "https://bulbapedia.bulbagarden.net//wiki/Voltorb_%28Pok%C3%A9mon%29"
  },
  {
    "kdex": "#101",
    "ndex": "#101",
    "name": "Electrode",
    "type1": "Electric",
    "URL": "https://bulbapedia.bulbagarden.net//wiki/Electrode_%28Pok%C3%A9mon%29"
  },
  {
    "kdex": "#102",
    "ndex": "#102",
    "name": "Exeggcute",
    "type1": "Grass",
    "type2": "Psychic",
    "URL": "https://bulbapedia.bulbagarden.net//wiki/Exeggcute_%28Pok%C3%A9mon%29"
  },
  {
    "kdex": "#103",
    "ndex": "#103",
    "name": "Exeggutor",
    "type1": "Grass",
    "type2": "Psychic",
    "URL": "https://bulbapedia.bulbagarden.net//wiki/Exeggutor_%28Pok%C3%A9mon%29"
  },
  {
    "kdex": "",
    "ndex": "#103",
    "name": "Exeggutor",
    "type1": "Grass",
    "type2": "Dragon",
    "URL": "https://bulbapedia.bulbagarden.net//wiki/Exeggutor_%28Pok%C3%A9mon%29"
  },
  {
    "kdex": "#104",
    "ndex": "#104",
    "name": "Cubone",
    "type1": "Ground",
    "URL": "https://bulbapedia.bulbagarden.net//wiki/Cubone_%28Pok%C3%A9mon%29"
  },
  {
    "kdex": "#105",
    "ndex": "#105",
    "name": "Marowak",
    "type1": "Ground",
    "URL": "https://bulbapedia.bulbagarden.net//wiki/Marowak_%28Pok%C3%A9mon%29"
  },
  {
    "kdex": "",
    "ndex": "#105",
    "name": "Marowak",
    "type1": "Fire",
    "type2": "Ghost",
    "URL": "https://bulbapedia.bulbagarden.net//wiki/Marowak_%28Pok%C3%A9mon%29"
  },
  {
    "kdex": "#106",
    "ndex": "#106",
    "name": "Hitmonlee",
    "type1": "Fighting",
    "URL": "https://bulbapedia.bulbagarden.net//wiki/Hitmonlee_%28Pok%C3%A9mon%29"
  },
  {
    "kdex": "#107",
    "ndex": "#107",
    "name": "Hitmonchan",
    "type1": "Fighting",
    "URL": "https://bulbapedia.bulbagarden.net//wiki/Hitmonchan_%28Pok%C3%A9mon%29"
  },
  {
    "kdex": "#108",
    "ndex": "#108",
    "name": "Lickitung",
    "type1": "Normal",
    "URL": "https://bulbapedia.bulbagarden.net//wiki/Lickitung_%28Pok%C3%A9mon%29"
  },
  {
    "kdex": "#109",
    "ndex": "#109",
    "name": "Koffing",
    "type1": "Poison",
    "URL": "https://bulbapedia.bulbagarden.net//wiki/Koffing_%28Pok%C3%A9mon%29"
  },
  {
    "kdex": "#110",
    "ndex": "#110",
    "name": "Weezing",
    "type1": "Poison",
    "URL": "https://bulbapedia.bulbagarden.net//wiki/Weezing_%28Pok%C3%A9mon%29"
  },
  {
    "kdex": "",
    "ndex": "#110",
    "name": "Weezing",
    "type1": "Poison",
    "type2": "Fairy",
    "URL": "https://bulbapedia.bulbagarden.net//wiki/Weezing_%28Pok%C3%A9mon%29"
  },
  {
    "kdex": "#111",
    "ndex": "#111",
    "name": "Rhyhorn",
    "type1": "Ground",
    "type2": "Rock",
    "URL": "https://bulbapedia.bulbagarden.net//wiki/Rhyhorn_%28Pok%C3%A9mon%29"
  },
  {
    "kdex": "#112",
    "ndex": "#112",
    "name": "Rhydon",
    "type1": "Ground",
    "type2": "Rock",
    "URL": "https://bulbapedia.bulbagarden.net//wiki/Rhydon_%28Pok%C3%A9mon%29"
  },
  {
    "kdex": "#113",
    "ndex": "#113",
    "name": "Chansey",
    "type1": "Normal",
    "URL": "https://bulbapedia.bulbagarden.net//wiki/Chansey_%28Pok%C3%A9mon%29"
  },
  {
    "kdex": "#114",
    "ndex": "#114",
    "name": "Tangela",
    "type1": "Grass",
    "URL": "https://bulbapedia.bulbagarden.net//wiki/Tangela_%28Pok%C3%A9mon%29"
  },
  {
    "kdex": "#115",
    "ndex": "#115",
    "name": "Kangaskhan",
    "type1": "Normal",
    "URL": "https://bulbapedia.bulbagarden.net//wiki/Kangaskhan_%28Pok%C3%A9mon%29"
  },
  {
    "kdex": "#116",
    "ndex": "#116",
    "name": "Horsea",
    "type1": "Water",
    "URL": "https://bulbapedia.bulbagarden.net//wiki/Horsea_%28Pok%C3%A9mon%29"
  },
  {
    "kdex": "#117",
    "ndex": "#117",
    "name": "Seadra",
    "type1": "Water",
    "URL": "https://bulbapedia.bulbagarden.net//wiki/Seadra_%28Pok%C3%A9mon%29"
  },
  {
    "kdex": "#118",
    "ndex": "#118",
    "name": "Goldeen",
    "type1": "Water",
    "URL": "https://bulbapedia.bulbagarden.net//wiki/Goldeen_%28Pok%C3%A9mon%29"
  },
  {
    "kdex": "#119",
    "ndex": "#119",
    "name": "Seaking",
    "type1": "Water",
    "URL": "https://bulbapedia.bulbagarden.net//wiki/Seaking_%28Pok%C3%A9mon%29"
  },
  {
    "kdex": "#120",
    "ndex": "#120",
    "name": "Staryu",
    "type1": "Water",
    "URL": "https://bulbapedia.bulbagarden.net//wiki/Staryu_%28Pok%C3%A9mon%29"
  },
  {
    "kdex": "#121",
    "ndex": "#121",
    "name": "Starmie",
    "type1": "Water",
    "type2": "Psychic",
    "URL": "https://bulbapedia.bulbagarden.net//wiki/Starmie_%28Pok%C3%A9mon%29"
  },
  {
    "kdex": "#122",
    "ndex": "#122",
    "name": "Mr. Mime",
    "type1": "Psychic",
    "type2": "Fairy",
    "URL": "https://bulbapedia.bulbagarden.net//wiki/Mr._Mime_%28Pok%C3%A9mon%29"
  },
  {
    "kdex": "",
    "ndex": "#122",
    "name": "Mr. Mime",
    "type1": "Ice",
    "type2": "Psychic",
    "URL": "https://bulbapedia.bulbagarden.net//wiki/Mr._Mime_%28Pok%C3%A9mon%29"
  },
  {
    "kdex": "#123",
    "ndex": "#123",
    "name": "Scyther",
    "type1": "Bug",
    "type2": "Flying",
    "URL": "https://bulbapedia.bulbagarden.net//wiki/Scyther_%28Pok%C3%A9mon%29"
  },
  {
    "kdex": "#124",
    "ndex": "#124",
    "name": "Jynx",
    "type1": "Ice",
    "type2": "Psychic",
    "URL": "https://bulbapedia.bulbagarden.net//wiki/Jynx_%28Pok%C3%A9mon%29"
  },
  {
    "kdex": "#125",
    "ndex": "#125",
    "name": "Electabuzz",
    "type1": "Electric",
    "URL": "https://bulbapedia.bulbagarden.net//wiki/Electabuzz_%28Pok%C3%A9mon%29"
  },
  {
    "kdex": "#126",
    "ndex": "#126",
    "name": "Magmar",
    "type1": "Fire",
    "URL": "https://bulbapedia.bulbagarden.net//wiki/Magmar_%28Pok%C3%A9mon%29"
  },
  {
    "kdex": "#127",
    "ndex": "#127",
    "name": "Pinsir",
    "type1": "Bug",
    "URL": "https://bulbapedia.bulbagarden.net//wiki/Pinsir_%28Pok%C3%A9mon%29"
  },
  {
    "kdex": "#128",
    "ndex": "#128",
    "name": "Tauros",
    "type1": "Normal",
    "URL": "https://bulbapedia.bulbagarden.net//wiki/Tauros_%28Pok%C3%A9mon%29"
  },
  {
    "kdex": "#129",
    "ndex": "#129",
    "name": "Magikarp",
    "type1": "Water",
    "URL": "https://bulbapedia.bulbagarden.net//wiki/Magikarp_%28Pok%C3%A9mon%29"
  },
  {
    "kdex": "#130",
    "ndex": "#130",
    "name": "Gyarados",
    "type1": "Water",
    "type2": "Flying",
    "URL": "https://bulbapedia.bulbagarden.net//wiki/Gyarados_%28Pok%C3%A9mon%29"
  },
  {
    "kdex": "#131",
    "ndex": "#131",
    "name": "Lapras",
    "type1": "Water",
    "type2": "Ice",
    "URL": "https://bulbapedia.bulbagarden.net//wiki/Lapras_%28Pok%C3%A9mon%29"
  },
  {
    "kdex": "#132",
    "ndex": "#132",
    "name": "Ditto",
    "type1": "Normal",
    "URL": "https://bulbapedia.bulbagarden.net//wiki/Ditto_%28Pok%C3%A9mon%29"
  },
  {
    "kdex": "#133",
    "ndex": "#133",
    "name": "Eevee",
    "type1": "Normal",
    "URL": "https://bulbapedia.bulbagarden.net//wiki/Eevee_%28Pok%C3%A9mon%29"
  },
  {
    "kdex": "#134",
    "ndex": "#134",
    "name": "Vaporeon",
    "type1": "Water",
    "URL": "https://bulbapedia.bulbagarden.net//wiki/Vaporeon_%28Pok%C3%A9mon%29"
  },
  {
    "kdex": "#135",
    "ndex": "#135",
    "name": "Jolteon",
    "type1": "Electric",
    "URL": "https://bulbapedia.bulbagarden.net//wiki/Jolteon_%28Pok%C3%A9mon%29"
  },
  {
    "kdex": "#136",
    "ndex": "#136",
    "name": "Flareon",
    "type1": "Fire",
    "URL": "https://bulbapedia.bulbagarden.net//wiki/Flareon_%28Pok%C3%A9mon%29"
  },
  {
    "kdex": "#137",
    "ndex": "#137",
    "name": "Porygon",
    "type1": "Normal",
    "URL": "https://bulbapedia.bulbagarden.net//wiki/Porygon_%28Pok%C3%A9mon%29"
  },
  {
    "kdex": "#138",
    "ndex": "#138",
    "name": "Omanyte",
    "type1": "Rock",
    "type2": "Water",
    "URL": "https://bulbapedia.bulbagarden.net//wiki/Omanyte_%28Pok%C3%A9mon%29"
  },
  {
    "kdex": "#139",
    "ndex": "#139",
    "name": "Omastar",
    "type1": "Rock",
    "type2": "Water",
    "URL": "https://bulbapedia.bulbagarden.net//wiki/Omastar_%28Pok%C3%A9mon%29"
  },
  {
    "kdex": "#140",
    "ndex": "#140",
    "name": "Kabuto",
    "type1": "Rock",
    "type2": "Water",
    "URL": "https://bulbapedia.bulbagarden.net//wiki/Kabuto_%28Pok%C3%A9mon%29"
  },
  {
    "kdex": "#141",
    "ndex": "#141",
    "name": "Kabutops",
    "type1": "Rock",
    "type2": "Water",
    "URL": "https://bulbapedia.bulbagarden.net//wiki/Kabutops_%28Pok%C3%A9mon%29"
  },
  {
    "kdex": "#142",
    "ndex": "#142",
    "name": "Aerodactyl",
    "type1": "Rock",
    "type2": "Flying",
    "URL": "https://bulbapedia.bulbagarden.net//wiki/Aerodactyl_%28Pok%C3%A9mon%29"
  },
  {
    "kdex": "#143",
    "ndex": "#143",
    "name": "Snorlax",
    "type1": "Normal",
    "URL": "https://bulbapedia.bulbagarden.net//wiki/Snorlax_%28Pok%C3%A9mon%29"
  },
  {
    "kdex": "#144",
    "ndex": "#144",
    "name": "Articuno",
    "type1": "Ice",
    "type2": "Flying",
    "URL": "https://bulbapedia.bulbagarden.net//wiki/Articuno_%28Pok%C3%A9mon%29"
  },
  {
    "kdex": "",
    "ndex": "#144",
    "name": "Articuno",
    "type1": "Psychic",
    "type2": "Flying",
    "URL": "https://bulbapedia.bulbagarden.net//wiki/Articuno_%28Pok%C3%A9mon%29"
  },
  {
    "kdex": "#145",
    "ndex": "#145",
    "name": "Zapdos",
    "type1": "Electric",
    "type2": "Flying",
    "URL": "https://bulbapedia.bulbagarden.net//wiki/Zapdos_%28Pok%C3%A9mon%29"
  },
  {
    "kdex": "",
    "ndex": "#145",
    "name": "Zapdos",
    "type1": "Fighting",
    "type2": "Flying",
    "URL": "https://bulbapedia.bulbagarden.net//wiki/Zapdos_%28Pok%C3%A9mon%29"
  },
  {
    "kdex": "#146",
    "ndex": "#146",
    "name": "Moltres",
    "type1": "Fire",
    "type2": "Flying",
    "URL": "https://bulbapedia.bulbagarden.net//wiki/Moltres_%28Pok%C3%A9mon%29"
  },
  {
    "kdex": "",
    "ndex": "#146",
    "name": "Moltres",
    "type1": "Dark",
    "type2": "Flying",
    "URL": "https://bulbapedia.bulbagarden.net//wiki/Moltres_%28Pok%C3%A9mon%29"
  },
  {
    "kdex": "#147",
    "ndex": "#147",
    "name": "Dratini",
    "type1": "Dragon",
    "URL": "https://bulbapedia.bulbagarden.net//wiki/Dratini_%28Pok%C3%A9mon%29"
  },
  {
    "kdex": "#148",
    "ndex": "#148",
    "name": "Dragonair",
    "type1": "Dragon",
    "URL": "https://bulbapedia.bulbagarden.net//wiki/Dragonair_%28Pok%C3%A9mon%29"
  },
  {
    "kdex": "#149",
    "ndex": "#149",
    "name": "Dragonite",
    "type1": "Dragon",
    "type2": "Flying",
    "URL": "https://bulbapedia.bulbagarden.net//wiki/Dragonite_%28Pok%C3%A9mon%29"
  },
  {
    "kdex": "#150",
    "ndex": "#150",
    "name": "Mewtwo",
    "type1": "Psychic",
    "URL": "https://bulbapedia.bulbagarden.net//wiki/Mewtwo_%28Pok%C3%A9mon%29"
  },
  {
    "kdex": "#151",
    "ndex": "#151",
    "name": "Mew",
    "type1": "Psychic",
    "URL": "https://bulbapedia.bulbagarden.net//wiki/Mew_%28Pok%C3%A9mon%29"
  }
]
