[
  {
    "kdex": "#001",
    "ndex": "#152",
    "name": "Chikorita",
    "type1": "Grass",
    "URL": "https://bulbapedia.bulbagarden.net//wiki/Chikorita_%28Pok%C3%A9mon%29"
  },
  {
    "kdex": "#002",
    "ndex": "#153",
    "name": "Bayleef",
    "type1": "Grass",
    "URL": "https://bulbapedia.bulbagarden.net//wiki/Bayleef_%28Pok%C3%A9mon%29"
  },
  {
    "kdex": "#003",
    "ndex": "#154",
    "name": "Meganium",
    "type1": "Grass",
    "URL": "https://bulbapedia.bulbagarden.net//wiki/Meganium_%28Pok%C3%A9mon%29"
  },
  {
    "kdex": "#004",
    "ndex": "#155",
    "name": "Cyndaquil",
    "type1": "Fire",
    "URL": "https://bulbapedia.bulbagarden.net//wiki/Cyndaquil_%28Pok%C3%A9mon%29"
  },
  {
    "kdex": "#005",
    "ndex": "#156",
    "name": "Quilava",
    "type1": "Fire",
    "URL": "https://bulbapedia.bulbagarden.net//wiki/Quilava_%28Pok%C3%A9mon%29"
  },
  {
    "kdex": "#006",
    "ndex": "#157",
    "name": "Typhlosion",
    "type1": "Fire",
    "URL": "https://bulbapedia.bulbagarden.net//wiki/Typhlosion_%28Pok%C3%A9mon%29"
  },
  {
    "kdex": "#007",
    "ndex": "#158",
    "name": "Totodile",
    "type1": "Water",
    "URL": "https://bulbapedia.bulbagarden.net//wiki/Totodile_%28Pok%C3%A9mon%29"
  },
  {
    "kdex": "#008",
    "ndex": "#159",
    "name": "Croconaw",
    "type1": "Water",
    "URL": "https://bulbapedia.bulbagarden.net//wiki/Croconaw_%28Pok%C3%A9mon%29"
  },
  {
    "kdex": "#009",
    "ndex": "#160",
    "name": "Feraligatr",
    "type1": "Water",
    "URL": "https://bulbapedia.bulbagarden.net//wiki/Feraligatr_%28Pok%C3%A9mon%29"
  },
  {
    "kdex": "#019",
    "ndex": "#161",
    "name": "Sentret",
    "type1": "Normal",
    "URL": "https://bulbapedia.bulbagarden.net//wiki/Sentret_%28Pok%C3%A9mon%29"
  },
  {
    "kdex": "#020",
    "ndex": "#162",
    "name": "Furret",
    "type1": "Normal",
    "URL": "https://bulbapedia.bulbagarden.net//wiki/Furret_%28Pok%C3%A9mon%29"
  },
  {
    "kdex": "#015",
    "ndex": "#163",
    "name": "Hoothoot",
    "type1": "Normal",
    "type2": "Flying",
    "URL": "https://bulbapedia.bulbagarden.net//wiki/Hoothoot_%28Pok%C3%A9mon%29"
  },
  {
    "kdex": "#016",
    "ndex": "#164",
    "name": "Noctowl",
    "type1": "Normal",
    "type2": "Flying",
    "URL": "https://bulbapedia.bulbagarden.net//wiki/Noctowl_%28Pok%C3%A9mon%29"
  },
  {
    "kdex": "#030",
    "ndex": "#165",
    "name": "Ledyba",
    "type1": "Bug",
    "type2": "Flying",
    "URL": "https://bulbapedia.bulbagarden.net//wiki/Ledyba_%28Pok%C3%A9mon%29"
  },
  {
    "kdex": "#031",
    "ndex": "#166",
    "name": "Ledian",
    "type1": "Bug",
    "type2": "Flying",
    "URL": "https://bulbapedia.bulbagarden.net//wiki/Ledian_%28Pok%C3%A9mon%29"
  },
  {
    "kdex": "#032",
    "ndex": "#167",
    "name": "Spinarak",
    "type1": "Bug",
    "type2": "Poison",
    "URL": "https://bulbapedia.bulbagarden.net//wiki/Spinarak_%28Pok%C3%A9mon%29"
  },
  {
    "kdex": "#033",
    "ndex": "#168",
    "name": "Ariados",
    "type1": "Bug",
    "type2": "Poison",
    "URL": "https://bulbapedia.bulbagarden.net//wiki/Ariados_%28Pok%C3%A9mon%29"
  },
  {
    "kdex": "#039",
    "ndex": "#169",
    "name": "Crobat",
    "type1": "Poison",
    "type2": "Flying",
    "URL": "https://bulbapedia.bulbagarden.net//wiki/Crobat_%28Pok%C3%A9mon%29"
  },
  {
    "kdex": "#176",
    "ndex": "#170",
    "name": "Chinchou",
    "type1": "Water",
    "type2": "Electric",
    "URL": "https://bulbapedia.bulbagarden.net//wiki/Chinchou_%28Pok%C3%A9mon%29"
  },
  {
    "kdex": "#177",
    "ndex": "#171",
    "name": "Lanturn",
    "type1": "Water",
    "type2": "Electric",
    "URL": "https://bulbapedia.bulbagarden.net//wiki/Lanturn_%28Pok%C3%A9mon%29"
  },
  {
    "kdex": "#021",
    "ndex": "#172",
    "name": "Pichu",
    "type1": "Electric",
    "URL": "https://bulbapedia.bulbagarden.net//wiki/Pichu_%28Pok%C3%A9mon%29"
  },
  {
    "kdex": "#040",
    "ndex": "#173",
    "name": "Cleffa",
    "type1": "Fairy",
    "URL": "https://bulbapedia.bulbagarden.net//wiki/Cleffa_%28Pok%C3%A9mon%29"
  },
  {
    "kdex": "#044",
    "ndex": "#174",
    "name": "Igglybuff",
    "type1": "Normal",
    "type2": "Fairy",
    "URL": "https://bulbapedia.bulbagarden.net//wiki/Igglybuff_%28Pok%C3%A9mon%29"
  },
  {
    "kdex": "#046",
    "ndex": "#175",
    "name": "Togepi",
    "type1": "Fairy",
    "URL": "https://bulbapedia.bulbagarden.net//wiki/Togepi_%28Pok%C3%A9mon%29"
  },
  {
    "kdex": "#047",
    "ndex": "#176",
    "name": "Togetic",
    "type1": "Fairy",
    "type2": "Flying",
    "URL": "https://bulbapedia.bulbagarden.net//wiki/Togetic_%28Pok%C3%A9mon%29"
  },
  {
    "kdex": "#161",
    "ndex": "#177",
    "name": "Natu",
    "type1": "Psychic",
    "type2": "Flying",
    "URL": "https://bulbapedia.bulbagarden.net//wiki/Natu_%28Pok%C3%A9mon%29"
  },
  {
    "kdex": "#162",
    "ndex": "#178",
    "name": "Xatu",
    "type1": "Psychic",
    "type2": "Flying",
    "URL": "https://bulbapedia.bulbagarden.net//wiki/Xatu_%28Pok%C3%A9mon%29"
  },
  {
    "kdex": "#053",
    "ndex": "#179",
    "name": "Mareep",
    "type1": "Electric",
    "URL": "https://bulbapedia.bulbagarden.net//wiki/Mareep_%28Pok%C3%A9mon%29"
  },
  {
    "kdex": "#054",
    "ndex": "#180",
    "name": "Flaaffy",
    "type1": "Electric",
    "URL": "https://bulbapedia.bulbagarden.net//wiki/Flaaffy_%28Pok%C3%A9mon%29"
  },
  {
    "kdex": "#055",
    "ndex": "#181",
    "name": "Ampharos",
    "type1": "Electric",
    "URL": "https://bulbapedia.bulbagarden.net//wiki/Ampharos_%28Pok%C3%A9mon%29"
  },
  {
    "kdex": "#086",
    "ndex": "#182",
    "name": "Bellossom",
    "type1": "Grass",
    "URL": "https://bulbapedia.bulbagarden.net//wiki/Bellossom_%28Pok%C3%A9mon%29"
  },
  {
    "kdex": "#132",
    "ndex": "#183",
    "name": "Marill",
    "type1": "Water",
    "type2": "Fairy",
    "URL": "https://bulbapedia.bulbagarden.net//wiki/Marill_%28Pok%C3%A9mon%29"
  },
  {
    "kdex": "#133",
    "ndex": "#184",
    "name": "Azumarill",
    "type1": "Water",
    "type2": "Fairy",
    "URL": "https://bulbapedia.bulbagarden.net//wiki/Azumarill_%28Pok%C3%A9mon%29"
  },
  {
    "kdex": "#107",
    "ndex": "#185",
    "name": "Sudowoodo",
    "type1": "Rock",
    "URL": "https://bulbapedia.bulbagarden.net//wiki/Sudowoodo_%28Pok%C3%A9mon%29"
  },
  {
    "kdex": "#075",
    "ndex": "#186",
    "name": "Politoed",
    "type1": "Water",
    "URL": "https://bulbapedia.bulbagarden.net//wiki/Politoed_%28Pok%C3%A9mon%29"
  },
  {
    "kdex": "#067",
    "ndex": "#187",
    "name": "Hoppip",
    "type1": "Grass",
    "type2": "Flying",
    "URL": "https://bulbapedia.bulbagarden.net//wiki/Hoppip_%28Pok%C3%A9mon%29"
  },
  {
    "kdex": "#068",
    "ndex": "#188",
    "name": "Skiploom",
    "type1": "Grass",
    "type2": "Flying",
    "URL": "https://bulbapedia.bulbagarden.net//wiki/Skiploom_%28Pok%C3%A9mon%29"
  },
  {
    "kdex": "#069",
    "ndex": "#189",
    "name": "Jumpluff",
    "type1": "Grass",
    "type2": "Flying",
    "URL": "https://bulbapedia.bulbagarden.net//wiki/Jumpluff_%28Pok%C3%A9mon%29"
  },
  {
    "kdex": "#123",
    "ndex": "#190",
    "name": "Aipom",
    "type1": "Normal",
    "URL": "https://bulbapedia.bulbagarden.net//wiki/Aipom_%28Pok%C3%A9mon%29"
  },
  {
    "kdex": "#103",
    "ndex": "#191",
    "name": "Sunkern",
    "type1": "Grass",
    "URL": "https://bulbapedia.bulbagarden.net//wiki/Sunkern_%28Pok%C3%A9mon%29"
  },
  {
    "kdex": "#104",
    "ndex": "#192",
    "name": "Sunflora",
    "type1": "Grass",
    "URL": "https://bulbapedia.bulbagarden.net//wiki/Sunflora_%28Pok%C3%A9mon%29"
  },
  {
    "kdex": "#101",
    "ndex": "#193",
    "name": "Yanma",
    "type1": "Bug",
    "type2": "Flying",
    "URL": "https://bulbapedia.bulbagarden.net//wiki/Yanma_%28Pok%C3%A9mon%29"
  },
  {
    "kdex": "#056",
    "ndex": "#194",
    "name": "Wooper",
    "type1": "Water",
    "type2": "Ground",
    "URL": "https://bulbapedia.bulbagarden.net//wiki/Wooper_%28Pok%C3%A9mon%29"
  },
  {
    "kdex": "#057",
    "ndex": "#195",
    "name": "Quagsire",
    "type1": "Water",
    "type2": "Ground",
    "URL": "https://bulbapedia.bulbagarden.net//wiki/Quagsire_%28Pok%C3%A9mon%29"
  },
  {
    "kdex": "#188",
    "ndex": "#196",
    "name": "Espeon",
    "type1": "Psychic",
    "URL": "https://bulbapedia.bulbagarden.net//wiki/Espeon_%28Pok%C3%A9mon%29"
  },
  {
    "kdex": "#189",
    "ndex": "#197",
    "name": "Umbreon",
    "type1": "Dark",
    "URL": "https://bulbapedia.bulbagarden.net//wiki/Umbreon_%28Pok%C3%A9mon%29"
  },
  {
    "kdex": "#213",
    "ndex": "#198",
    "name": "Murkrow",
    "type1": "Dark",
    "type2": "Flying",
    "URL": "https://bulbapedia.bulbagarden.net//wiki/Murkrow_%28Pok%C3%A9mon%29"
  },
  {
    "kdex": "#082",
    "ndex": "#199",
    "name": "Slowking",
    "type1": "Water",
    "type2": "Psychic",
    "URL": "https://bulbapedia.bulbagarden.net//wiki/Slowking_%28Pok%C3%A9mon%29"
  },
  {
    "kdex": "",
    "ndex": "#199",
    "name": "Slowking",
    "type1": "Poison",
    "type2": "Psychic",
    "URL": "https://bulbapedia.bulbagarden.net//wiki/Slowking_%28Pok%C3%A9mon%29"
  },
  {
    "kdex": "#219",
    "ndex": "#200",
    "name": "Misdreavus",
    "type1": "Ghost",
    "URL": "https://bulbapedia.bulbagarden.net//wiki/Misdreavus_%28Pok%C3%A9mon%29"
  },
  {
    "kdex": "#061",
    "ndex": "#201",
    "name": "Unown",
    "type1": "Psychic",
    "URL": "https://bulbapedia.bulbagarden.net//wiki/Unown_%28Pok%C3%A9mon%29"
  },
  {
    "kdex": "#108",
    "ndex": "#202",
    "name": "Wobbuffet",
    "type1": "Psychic",
    "URL": "https://bulbapedia.bulbagarden.net//wiki/Wobbuffet_%28Pok%C3%A9mon%29"
  },
  {
    "kdex": "#149",
    "ndex": "#203",
    "name": "Girafarig",
    "type1": "Normal",
    "type2": "Psychic",
    "URL": "https://bulbapedia.bulbagarden.net//wiki/Girafarig_%28Pok%C3%A9mon%29"
  },
  {
    "kdex": "#093",
    "ndex": "#204",
    "name": "Pineco",
    "type1": "Bug",
    "URL": "https://bulbapedia.bulbagarden.net//wiki/Pineco_%28Pok%C3%A9mon%29"
  },
  {
    "kdex": "#094",
    "ndex": "#205",
    "name": "Forretress",
    "type1": "Bug",
    "type2": "Steel",
    "URL": "https://bulbapedia.bulbagarden.net//wiki/Forretress_%28Pok%C3%A9mon%29"
  },
  {
    "kdex": "#052",
    "ndex": "#206",
    "name": "Dunsparce",
    "type1": "Normal",
    "URL": "https://bulbapedia.bulbagarden.net//wiki/Dunsparce_%28Pok%C3%A9mon%29"
  },
  {
    "kdex": "#193",
    "ndex": "#207",
    "name": "Gligar",
    "type1": "Ground",
    "type2": "Flying",
    "URL": "https://bulbapedia.bulbagarden.net//wiki/Gligar_%28Pok%C3%A9mon%29"
  },
  {
    "kdex": "#063",
    "ndex": "#208",
    "name": "Steelix",
    "type1": "Steel",
    "type2": "Ground",
    "URL": "https://bulbapedia.bulbagarden.net//wiki/Steelix_%28Pok%C3%A9mon%29"
  },
  {
    "kdex": "#125",
    "ndex": "#209",
    "name": "Snubbull",
    "type1": "Fairy",
    "URL": "https://bulbapedia.bulbagarden.net//wiki/Snubbull_%28Pok%C3%A9mon%29"
  },
  {
    "kdex": "#126",
    "ndex": "#210",
    "name": "Granbull",
    "type1": "Fairy",
    "URL": "https://bulbapedia.bulbagarden.net//wiki/Granbull_%28Pok%C3%A9mon%29"
  },
  {
    "kdex": "#163",
    "ndex": "#211",
    "name": "Qwilfish",
    "type1": "Water",
    "type2": "Poison",
    "URL": "https://bulbapedia.bulbagarden.net//wiki/Qwilfish_%28Pok%C3%A9mon%29"
  },
  {
    "kdex": "#112",
    "ndex": "#212",
    "name": "Scizor",
    "type1": "Bug",
    "type2": "Steel",
    "URL": "https://bulbapedia.bulbagarden.net//wiki/Scizor_%28Pok%C3%A9mon%29"
  },
  {
    "kdex": "#168",
    "ndex": "#213",
    "name": "Shuckle",
    "type1": "Bug",
    "type2": "Rock",
    "URL": "https://bulbapedia.bulbagarden.net//wiki/Shuckle_%28Pok%C3%A9mon%29"
  },
  {
    "kdex": "#114",
    "ndex": "#214",
    "name": "Heracross",
    "type1": "Bug",
    "type2": "Fighting",
    "URL": "https://bulbapedia.bulbagarden.net//wiki/Heracross_%28Pok%C3%A9mon%29"
  },
  {
    "kdex": "#218",
    "ndex": "#215",
    "name": "Sneasel",
    "type1": "Dark",
    "type2": "Ice",
    "URL": "https://bulbapedia.bulbagarden.net//wiki/Sneasel_%28Pok%C3%A9mon%29"
  },
  {
    "kdex": "#198",
    "ndex": "#216",
    "name": "Teddiursa",
    "type1": "Normal",
    "URL": "https://bulbapedia.bulbagarden.net//wiki/Teddiursa_%28Pok%C3%A9mon%29"
  },
  {
    "kdex": "#199",
    "ndex": "#217",
    "name": "Ursaring",
    "type1": "Normal",
    "URL": "https://bulbapedia.bulbagarden.net//wiki/Ursaring_%28Pok%C3%A9mon%29"
  },
  {
    "kdex": "#216",
    "ndex": "#218",
    "name": "Slugma",
    "type1": "Fire",
    "URL": "https://bulbapedia.bulbagarden.net//wiki/Slugma_%28Pok%C3%A9mon%29"
  },
  {
    "kdex": "#217",
    "ndex": "#219",
    "name": "Magcargo",
    "type1": "Fire",
    "type2": "Rock",
    "URL": "https://bulbapedia.bulbagarden.net//wiki/Magcargo_%28Pok%C3%A9mon%29"
  },
  {
    "kdex": "#195",
    "ndex": "#220",
    "name": "Swinub",
    "type1": "Ice",
    "type2": "Ground",
    "URL": "https://bulbapedia.bulbagarden.net//wiki/Swinub_%28Pok%C3%A9mon%29"
  },
  {
    "kdex": "#196",
    "ndex": "#221",
    "name": "Piloswine",
    "type1": "Ice",
    "type2": "Ground",
    "URL": "https://bulbapedia.bulbagarden.net//wiki/Piloswine_%28Pok%C3%A9mon%29"
  },
  {
    "kdex": "#173",
    "ndex": "#222",
    "name": "Corsola",
    "type1": "Water",
    "type2": "Rock",
    "URL": "https://bulbapedia.bulbagarden.net//wiki/Corsola_%28Pok%C3%A9mon%29"
  },
  {
    "kdex": "",
    "ndex": "#222",
    "name": "Corsola",
    "type1": "Ghost",
    "URL": "https://bulbapedia.bulbagarden.net//wiki/Corsola_%28Pok%C3%A9mon%29"
  },
  {
    "kdex": "#174",
    "ndex": "#223",
    "name": "Remoraid",
    "type1": "Water",
    "URL": "https://bulbapedia.bulbagarden.net//wiki/Remoraid_%28Pok%C3%A9mon%29"
  },
  {
    "kdex": "#175",
    "ndex": "#224",
    "name": "Octillery",
    "type1": "Water",
    "URL": "https://bulbapedia.bulbagarden.net//wiki/Octillery_%28Pok%C3%A9mon%29"
  },
  {
    "kdex": "#194",
    "ndex": "#225",
    "name": "Delibird",
    "type1": "Ice",
    "type2": "Flying",
    "URL": "https://bulbapedia.bulbagarden.net//wiki/Delibird_%28Pok%C3%A9mon%29"
  },
  {
    "kdex": "#202",
    "ndex": "#226",
    "name": "Mantine",
    "type1": "Water",
    "type2": "Flying",
    "URL": "https://bulbapedia.bulbagarden.net//wiki/Mantine_%28Pok%C3%A9mon%29"
  },
  {
    "kdex": "#203",
    "ndex": "#227",
    "name": "Skarmory",
    "type1": "Steel",
    "type2": "Flying",
    "URL": "https://bulbapedia.bulbagarden.net//wiki/Skarmory_%28Pok%C3%A9mon%29"
  },
  {
    "kdex": "#214",
    "ndex": "#228",
    "name": "Houndour",
    "type1": "Dark",
    "type2": "Fire",
    "URL": "https://bulbapedia.bulbagarden.net//wiki/Houndour_%28Pok%C3%A9mon%29"
  },
  {
    "kdex": "#215",
    "ndex": "#229",
    "name": "Houndoom",
    "type1": "Dark",
    "type2": "Fire",
    "URL": "https://bulbapedia.bulbagarden.net//wiki/Houndoom_%28Pok%C3%A9mon%29"
  },
  {
    "kdex": "#192",
    "ndex": "#230",
    "name": "Kingdra",
    "type1": "Water",
    "type2": "Dragon",
    "URL": "https://bulbapedia.bulbagarden.net//wiki/Kingdra_%28Pok%C3%A9mon%29"
  },
  {
    "kdex": "#200",
    "ndex": "#231",
    "name": "Phanpy",
    "type1": "Ground",
    "URL": "https://bulbapedia.bulbagarden.net//wiki/Phanpy_%28Pok%C3%A9mon%29"
  },
  {
    "kdex": "#201",
    "ndex": "#232",
    "name": "Donphan",
    "type1": "Ground",
    "URL": "https://bulbapedia.bulbagarden.net//wiki/Donphan_%28Pok%C3%A9mon%29"
  },
  {
    "kdex": "#221",
    "ndex": "#233",
    "name": "Porygon2",
    "type1": "Normal",
    "URL": "https://bulbapedia.bulbagarden.net//wiki/Porygon2_%28Pok%C3%A9mon%29"
  },
  {
    "kdex": "#131",
    "ndex": "#234",
    "name": "Stantler",
    "type1": "Normal",
    "URL": "https://bulbapedia.bulbagarden.net//wiki/Stantler_%28Pok%C3%A9mon%29"
  },
  {
    "kdex": "#159",
    "ndex": "#235",
    "name": "Smeargle",
    "type1": "Normal",
    "URL": "https://bulbapedia.bulbagarden.net//wiki/Smeargle_%28Pok%C3%A9mon%29"
  },
  {
    "kdex": "#145",
    "ndex": "#236",
    "name": "Tyrogue",
    "type1": "Fighting",
    "URL": "https://bulbapedia.bulbagarden.net//wiki/Tyrogue_%28Pok%C3%A9mon%29"
  },
  {
    "kdex": "#148",
    "ndex": "#237",
    "name": "Hitmontop",
    "type1": "Fighting",
    "URL": "https://bulbapedia.bulbagarden.net//wiki/Hitmontop_%28Pok%C3%A9mon%29"
  },
  {
    "kdex": "#154",
    "ndex": "#238",
    "name": "Smoochum",
    "type1": "Ice",
    "type2": "Psychic",
    "URL": "https://bulbapedia.bulbagarden.net//wiki/Smoochum_%28Pok%C3%A9mon%29"
  },
  {
    "kdex": "#156",
    "ndex": "#239",
    "name": "Elekid",
    "type1": "Electric",
    "URL": "https://bulbapedia.bulbagarden.net//wiki/Elekid_%28Pok%C3%A9mon%29"
  },
  {
    "kdex": "#152",
    "ndex": "#240",
    "name": "Magby",
    "type1": "Fire",
    "URL": "https://bulbapedia.bulbagarden.net//wiki/Magby_%28Pok%C3%A9mon%29"
  },
  {
    "kdex": "#151",
    "ndex": "#241",
    "name": "Miltank",
    "type1": "Normal",
    "URL": "https://bulbapedia.bulbagarden.net//wiki/Miltank_%28Pok%C3%A9mon%29"
  },
  {
    "kdex": "#223",
    "ndex": "#242",
    "name": "Blissey",
    "type1": "Normal",
    "URL": "https://bulbapedia.bulbagarden.net//wiki/Blissey_%28Pok%C3%A9mon%29"
  },
  {
    "kdex": "#243",
    "ndex": "#243",
    "name": "Raikou",
    "type1": "Electric",
    "URL": "https://bulbapedia.bulbagarden.net//wiki/Raikou_%28Pok%C3%A9mon%29"
  },
  {
    "kdex": "#244",
    "ndex": "#244",
    "name": "Entei",
    "type1": "Fire",
    "URL": "https://bulbapedia.bulbagarden.net//wiki/Entei_%28Pok%C3%A9mon%29"
  },
  {
    "kdex": "#245",
    "ndex": "#245",
    "name": "Suicune",
    "type1": "Water",
    "URL": "https://bulbapedia.bulbagarden.net//wiki/Suicune_%28Pok%C3%A9mon%29"
  },
  {
    "kdex": "#249",
    "ndex": "#246",
    "name": "Larvitar",
    "type1": "Rock",
    "type2": "Ground",
    "URL": "https://bulbapedia.bulbagarden.net//wiki/Larvitar_%28Pok%C3%A9mon%29"
  },
  {
    "kdex": "#250",
    "ndex": "#247",
    "name": "Pupitar",
    "type1": "Rock",
    "type2": "Ground",
    "URL": "https://bulbapedia.bulbagarden.net//wiki/Pupitar_%28Pok%C3%A9mon%29"
  },
  {
    "kdex": "#251",
    "ndex": "#248",
    "name": "Tyranitar",
    "type1": "Rock",
    "type2": "Dark",
    "URL": "https://bulbapedia.bulbagarden.net//wiki/Tyranitar_%28Pok%C3%A9mon%29"
  },
  {
    "kdex": "#252",
    "ndex": "#249",
    "name": "Lugia",
    "type1": "Psychic",
    "type2": "Flying",
    "URL": "https://bulbapedia.bulbagarden.net//wiki/Lugia_%28Pok%C3%A9mon%29"
  },
  {
    "kdex": "#253",
    "ndex": "#250",
    "name": "Ho-Oh",
    "type1": "Fire",
    "type2": "Flying",
    "URL": "https://bulbapedia.bulbagarden.net//wiki/Ho-Oh_%28Pok%C3%A9mon%29"
  },
  {
    "kdex": "#256",
    "ndex": "#251",
    "name": "Celebi",
    "type1": "Psychic",
    "type2": "Grass",
    "URL": "https://bulbapedia.bulbagarden.net//wiki/Celebi_%28Pok%C3%A9mon%29"
  }
]
