[
  {
    "kdex": "#001",
    "ndex": "#252",
    "name": "Treecko",
    "type1": "Grass",
    "URL": "https://bulbapedia.bulbagarden.net//wiki/Treecko_%28Pok%C3%A9mon%29"
  },
  {
    "kdex": "#002",
    "ndex": "#253",
    "name": "Grovyle",
    "type1": "Grass",
    "URL": "https://bulbapedia.bulbagarden.net//wiki/Grovyle_%28Pok%C3%A9mon%29"
  },
  {
    "kdex": "#003",
    "ndex": "#254",
    "name": "Sceptile",
    "type1": "Grass",
    "URL": "https://bulbapedia.bulbagarden.net//wiki/Sceptile_%28Pok%C3%A9mon%29"
  },
  {
    "kdex": "#004",
    "ndex": "#255",
    "name": "Torchic",
    "type1": "Fire",
    "URL": "https://bulbapedia.bulbagarden.net//wiki/Torchic_%28Pok%C3%A9mon%29"
  },
  {
    "kdex": "#005",
    "ndex": "#256",
    "name": "Combusken",
    "type1": "Fire",
    "type2": "Fighting",
    "URL": "https://bulbapedia.bulbagarden.net//wiki/Combusken_%28Pok%C3%A9mon%29"
  },
  {
    "kdex": "#006",
    "ndex": "#257",
    "name": "Blaziken",
    "type1": "Fire",
    "type2": "Fighting",
    "URL": "https://bulbapedia.bulbagarden.net//wiki/Blaziken_%28Pok%C3%A9mon%29"
  },
  {
    "kdex": "#007",
    "ndex": "#258",
    "name": "Mudkip",
    "type1": "Water",
    "URL": "https://bulbapedia.bulbagarden.net//wiki/Mudkip_%28Pok%C3%A9mon%29"
  },
  {
    "kdex": "#008",
    "ndex": "#259",
    "name": "Marshtomp",
    "type1": "Water",
    "type2": "Ground",
    "URL": "https://bulbapedia.bulbagarden.net//wiki/Marshtomp_%28Pok%C3%A9mon%29"
  },
  {
    "kdex": "#009",
    "ndex": "#260",
    "name": "Swampert",
    "type1": "Water",
    "type2": "Ground",
    "URL": "https://bulbapedia.bulbagarden.net//wiki/Swampert_%28Pok%C3%A9mon%29"
  },
  {
    "kdex": "#010",
    "ndex": "#261",
    "name": "Poochyena",
    "type1": "Dark",
    "URL": "https://bulbapedia.bulbagarden.net//wiki/Poochyena_%28Pok%C3%A9mon%29"
  },
  {
    "kdex": "#011",
    "ndex": "#262",
    "name": "Mightyena",
    "type1": "Dark",
    "URL": "https://bulbapedia.bulbagarden.net//wiki/Mightyena_%28Pok%C3%A9mon%29"
  },
  {
    "kdex": "#012",
    "ndex": "#263",
    "name": "Zigzagoon",
    "type1": "Normal",
    "URL": "https://bulbapedia.bulbagarden.net//wiki/Zigzagoon_%28Pok%C3%A9mon%29"
  },
  {
    "kdex": "",
    "ndex": "#263",
    "name": "Zigzagoon",
    "type1": "Dark",
    "type2": "Normal",
    "URL": "https://bulbapedia.bulbagarden.net//wiki/Zigzagoon_%28Pok%C3%A9mon%29"
  },
  {
    "kdex": "#013",
    "ndex": "#264",
    "name": "Linoone",
    "type1": "Normal",
    "URL": "https://bulbapedia.bulbagarden.net//wiki/Linoone_%28Pok%C3%A9mon%29"
  },
  {
    "kdex": "",
    "ndex": "#264",
    "name": "Linoone",
    "type1": "Dark",
    "type2": "Normal",
    "URL": "https://bulbapedia.bulbagarden.net//wiki/Linoone_%28Pok%C3%A9mon%29"
  },
  {
    "kdex": "#014",
    "ndex": "#265",
    "name": "Wurmple",
    "type1": "Bug",
    "URL": "https://bulbapedia.bulbagarden.net//wiki/Wurmple_%28Pok%C3%A9mon%29"
  },
  {
    "kdex": "#015",
    "ndex": "#266",
    "name": "Silcoon",
    "type1": "Bug",
    "URL": "https://bulbapedia.bulbagarden.net//wiki/Silcoon_%28Pok%C3%A9mon%29"
  },
  {
    "kdex": "#016",
    "ndex": "#267",
    "name": "Beautifly",
    "type1": "Bug",
    "type2": "Flying",
    "URL": "https://bulbapedia.bulbagarden.net//wiki/Beautifly_%28Pok%C3%A9mon%29"
  },
  {
    "kdex": "#017",
    "ndex": "#268",
    "name": "Cascoon",
    "type1": "Bug",
    "URL": "https://bulbapedia.bulbagarden.net//wiki/Cascoon_%28Pok%C3%A9mon%29"
  },
  {
    "kdex": "#018",
    "ndex": "#269",
    "name": "Dustox",
    "type1": "Bug",
    "type2": "Poison",
    "URL": "https://bulbapedia.bulbagarden.net//wiki/Dustox_%28Pok%C3%A9mon%29"
  },
  {
    "kdex": "#019",
    "ndex": "#270",
    "name": "Lotad",
    "type1": "Water",
    "type2": "Grass",
    "URL": "https://bulbapedia.bulbagarden.net//wiki/Lotad_%28Pok%C3%A9mon%29"
  },
  {
    "kdex": "#020",
    "ndex": "#271",
    "name": "Lombre",
    "type1": "Water",
    "type2": "Grass",
    "URL": "https://bulbapedia.bulbagarden.net//wiki/Lombre_%28Pok%C3%A9mon%29"
  },
  {
    "kdex": "#021",
    "ndex": "#272",
    "name": "Ludicolo",
    "type1": "Water",
    "type2": "Grass",
    "URL": "https://bulbapedia.bulbagarden.net//wiki/Ludicolo_%28Pok%C3%A9mon%29"
  },
  {
    "kdex": "#022",
    "ndex": "#273",
    "name": "Seedot",
    "type1": "Grass",
    "URL": "https://bulbapedia.bulbagarden.net//wiki/Seedot_%28Pok%C3%A9mon%29"
  },
  {
    "kdex": "#023",
    "ndex": "#274",
    "name": "Nuzleaf",
    "type1": "Grass",
    "type2": "Dark",
    "URL": "https://bulbapedia.bulbagarden.net//wiki/Nuzleaf_%28Pok%C3%A9mon%29"
  },
  {
    "kdex": "#024",
    "ndex": "#275",
    "name": "Shiftry",
    "type1": "Grass",
    "type2": "Dark",
    "URL": "https://bulbapedia.bulbagarden.net//wiki/Shiftry_%28Pok%C3%A9mon%29"
  },
  {
    "kdex": "#025",
    "ndex": "#276",
    "name": "Taillow",
    "type1": "Normal",
    "type2": "Flying",
    "URL": "https://bulbapedia.bulbagarden.net//wiki/Taillow_%28Pok%C3%A9mon%29"
  },
  {
    "kdex": "#026",
    "ndex": "#277",
    "name": "Swellow",
    "type1": "Normal",
    "type2": "Flying",
    "URL": "https://bulbapedia.bulbagarden.net//wiki/Swellow_%28Pok%C3%A9mon%29"
  },
  {
    "kdex": "#027",
    "ndex": "#278",
    "name": "Wingull",
    "type1": "Water",
    "type2": "Flying",
    "URL": "https://bulbapedia.bulbagarden.net//wiki/Wingull_%28Pok%C3%A9mon%29"
  },
  {
    "kdex": "#028",
    "ndex": "#279",
    "name": "Pelipper",
    "type1": "Water",
    "type2": "Flying",
    "URL": "https://bulbapedia.bulbagarden.net//wiki/Pelipper_%28Pok%C3%A9mon%29"
  },
  {
    "kdex": "#029",
    "ndex": "#280",
    "name": "Ralts",
    "type1": "Psychic",
    "type2": "Fairy",
    "URL": "https://bulbapedia.bulbagarden.net//wiki/Ralts_%28Pok%C3%A9mon%29"
  },
  {
    "kdex": "#030",
    "ndex": "#281",
    "name": "Kirlia",
    "type1": "Psychic",
    "type2": "Fairy",
    "URL": "https://bulbapedia.bulbagarden.net//wiki/Kirlia_%28Pok%C3%A9mon%29"
  },
  {
    "kdex": "#031",
    "ndex": "#282",
    "name": "Gardevoir",
    "type1": "Psychic",
    "type2": "Fairy",
    "URL": "https://bulbapedia.bulbagarden.net//wiki/Gardevoir_%28Pok%C3%A9mon%29"
  },
  {
    "kdex": "#032",
    "ndex": "#283",
    "name": "Surskit",
    "type1": "Bug",
    "type2": "Water",
    "URL": "https://bulbapedia.bulbagarden.net//wiki/Surskit_%28Pok%C3%A9mon%29"
  },
  {
    "kdex": "#033",
    "ndex": "#284",
    "name": "Masquerain",
    "type1": "Bug",
    "type2": "Flying",
    "URL": "https://bulbapedia.bulbagarden.net//wiki/Masquerain_%28Pok%C3%A9mon%29"
  },
  {
    "kdex": "#034",
    "ndex": "#285",
    "name": "Shroomish",
    "type1": "Grass",
    "URL": "https://bulbapedia.bulbagarden.net//wiki/Shroomish_%28Pok%C3%A9mon%29"
  },
  {
    "kdex": "#035",
    "ndex": "#286",
    "name": "Breloom",
    "type1": "Grass",
    "type2": "Fighting",
    "URL": "https://bulbapedia.bulbagarden.net//wiki/Breloom_%28Pok%C3%A9mon%29"
  },
  {
    "kdex": "#036",
    "ndex": "#287",
    "name": "Slakoth",
    "type1": "Normal",
    "URL": "https://bulbapedia.bulbagarden.net//wiki/Slakoth_%28Pok%C3%A9mon%29"
  },
  {
    "kdex": "#037",
    "ndex": "#288",
    "name": "Vigoroth",
    "type1": "Normal",
    "URL": "https://bulbapedia.bulbagarden.net//wiki/Vigoroth_%28Pok%C3%A9mon%29"
  },
  {
    "kdex": "#038",
    "ndex": "#289",
    "name": "Slaking",
    "type1": "Normal",
    "URL": "https://bulbapedia.bulbagarden.net//wiki/Slaking_%28Pok%C3%A9mon%29"
  },
  {
    "kdex": "#042",
    "ndex": "#290",
    "name": "Nincada",
    "type1": "Bug",
    "type2": "Ground",
    "URL": "https://bulbapedia.bulbagarden.net//wiki/Nincada_%28Pok%C3%A9mon%29"
  },
  {
    "kdex": "#043",
    "ndex": "#291",
    "name": "Ninjask",
    "type1": "Bug",
    "type2": "Flying",
    "URL": "https://bulbapedia.bulbagarden.net//wiki/Ninjask_%28Pok%C3%A9mon%29"
  },
  {
    "kdex": "#044",
    "ndex": "#292",
    "name": "Shedinja",
    "type1": "Bug",
    "type2": "Ghost",
    "URL": "https://bulbapedia.bulbagarden.net//wiki/Shedinja_%28Pok%C3%A9mon%29"
  },
  {
    "kdex": "#045",
    "ndex": "#293",
    "name": "Whismur",
    "type1": "Normal",
    "URL": "https://bulbapedia.bulbagarden.net//wiki/Whismur_%28Pok%C3%A9mon%29"
  },
  {
    "kdex": "#046",
    "ndex": "#294",
    "name": "Loudred",
    "type1": "Normal",
    "URL": "https://bulbapedia.bulbagarden.net//wiki/Loudred_%28Pok%C3%A9mon%29"
  },
  {
    "kdex": "#047",
    "ndex": "#295",
    "name": "Exploud",
    "type1": "Normal",
    "URL": "https://bulbapedia.bulbagarden.net//wiki/Exploud_%28Pok%C3%A9mon%29"
  },
  {
    "kdex": "#048",
    "ndex": "#296",
    "name": "Makuhita",
    "type1": "Fighting",
    "URL": "https://bulbapedia.bulbagarden.net//wiki/Makuhita_%28Pok%C3%A9mon%29"
  },
  {
    "kdex": "#049",
    "ndex": "#297",
    "name": "Hariyama",
    "type1": "Fighting",
    "URL": "https://bulbapedia.bulbagarden.net//wiki/Hariyama_%28Pok%C3%A9mon%29"
  },
  {
    "kdex": "#054",
    "ndex": "#298",
    "name": "Azurill",
    "type1": "Normal",
    "type2": "Fairy",
    "URL": "https://bulbapedia.bulbagarden.net//wiki/Azurill_%28Pok%C3%A9mon%29"
  },
  {
    "kdex": "#060",
    "ndex": "#299",
    "name": "Nosepass",
    "type1": "Rock",
    "URL": "https://bulbapedia.bulbagarden.net//wiki/Nosepass_%28Pok%C3%A9mon%29"
  },
  {
    "kdex": "#061",
    "ndex": "#300",
    "name": "Skitty",
    "type1": "Normal",
    "URL": "https://bulbapedia.bulbagarden.net//wiki/Skitty_%28Pok%C3%A9mon%29"
  },
  {
    "kdex": "#062",
    "ndex": "#301",
    "name": "Delcatty",
    "type1": "Normal",
    "URL": "https://bulbapedia.bulbagarden.net//wiki/Delcatty_%28Pok%C3%A9mon%29"
  },
  {
    "kdex": "#068",
    "ndex": "#302",
    "name": "Sableye",
    "type1": "Dark",
    "type2": "Ghost",
    "URL": "https://bulbapedia.bulbagarden.net//wiki/Sableye_%28Pok%C3%A9mon%29"
  },
  {
    "kdex": "#069",
    "ndex": "#303",
    "name": "Mawile",
    "type1": "Steel",
    "type2": "Fairy",
    "URL": "https://bulbapedia.bulbagarden.net//wiki/Mawile_%28Pok%C3%A9mon%29"
  },
  {
    "kdex": "#070",
    "ndex": "#304",
    "name": "Aron",
    "type1": "Steel",
    "type2": "Rock",
    "URL": "https://bulbapedia.bulbagarden.net//wiki/Aron_%28Pok%C3%A9mon%29"
  },
  {
    "kdex": "#071",
    "ndex": "#305",
    "name": "Lairon",
    "type1": "Steel",
    "type2": "Rock",
    "URL": "https://bulbapedia.bulbagarden.net//wiki/Lairon_%28Pok%C3%A9mon%29"
  },
  {
    "kdex": "#072",
    "ndex": "#306",
    "name": "Aggron",
    "type1": "Steel",
    "type2": "Rock",
    "URL": "https://bulbapedia.bulbagarden.net//wiki/Aggron_%28Pok%C3%A9mon%29"
  },
  {
    "kdex": "#076",
    "ndex": "#307",
    "name": "Meditite",
    "type1": "Fighting",
    "type2": "Psychic",
    "URL": "https://bulbapedia.bulbagarden.net//wiki/Meditite_%28Pok%C3%A9mon%29"
  },
  {
    "kdex": "#077",
    "ndex": "#308",
    "name": "Medicham",
    "type1": "Fighting",
    "type2": "Psychic",
    "URL": "https://bulbapedia.bulbagarden.net//wiki/Medicham_%28Pok%C3%A9mon%29"
  },
  {
    "kdex": "#078",
    "ndex": "#309",
    "name": "Electrike",
    "type1": "Electric",
    "URL": "https://bulbapedia.bulbagarden.net//wiki/Electrike_%28Pok%C3%A9mon%29"
  },
  {
    "kdex": "#079",
    "ndex": "#310",
    "name": "Manectric",
    "type1": "Electric",
    "URL": "https://bulbapedia.bulbagarden.net//wiki/Manectric_%28Pok%C3%A9mon%29"
  },
  {
    "kdex": "#080",
    "ndex": "#311",
    "name": "Plusle",
    "type1": "Electric",
    "URL": "https://bulbapedia.bulbagarden.net//wiki/Plusle_%28Pok%C3%A9mon%29"
  },
  {
    "kdex": "#081",
    "ndex": "#312",
    "name": "Minun",
    "type1": "Electric",
    "URL": "https://bulbapedia.bulbagarden.net//wiki/Minun_%28Pok%C3%A9mon%29"
  },
  {
    "kdex": "#086",
    "ndex": "#313",
    "name": "Volbeat",
    "type1": "Bug",
    "URL": "https://bulbapedia.bulbagarden.net//wiki/Volbeat_%28Pok%C3%A9mon%29"
  },
  {
    "kdex": "#087",
    "ndex": "#314",
    "name": "Illumise",
    "type1": "Bug",
    "URL": "https://bulbapedia.bulbagarden.net//wiki/Illumise_%28Pok%C3%A9mon%29"
  },
  {
    "kdex": "#094",
    "ndex": "#315",
    "name": "Roselia",
    "type1": "Grass",
    "type2": "Poison",
    "URL": "https://bulbapedia.bulbagarden.net//wiki/Roselia_%28Pok%C3%A9mon%29"
  },
  {
    "kdex": "#095",
    "ndex": "#316",
    "name": "Gulpin",
    "type1": "Poison",
    "URL": "https://bulbapedia.bulbagarden.net//wiki/Gulpin_%28Pok%C3%A9mon%29"
  },
  {
    "kdex": "#096",
    "ndex": "#317",
    "name": "Swalot",
    "type1": "Poison",
    "URL": "https://bulbapedia.bulbagarden.net//wiki/Swalot_%28Pok%C3%A9mon%29"
  },
  {
    "kdex": "#097",
    "ndex": "#318",
    "name": "Carvanha",
    "type1": "Water",
    "type2": "Dark",
    "URL": "https://bulbapedia.bulbagarden.net//wiki/Carvanha_%28Pok%C3%A9mon%29"
  },
  {
    "kdex": "#098",
    "ndex": "#319",
    "name": "Sharpedo",
    "type1": "Water",
    "type2": "Dark",
    "URL": "https://bulbapedia.bulbagarden.net//wiki/Sharpedo_%28Pok%C3%A9mon%29"
  },
  {
    "kdex": "#099",
    "ndex": "#320",
    "name": "Wailmer",
    "type1": "Water",
    "URL": "https://bulbapedia.bulbagarden.net//wiki/Wailmer_%28Pok%C3%A9mon%29"
  },
  {
    "kdex": "#100",
    "ndex": "#321",
    "name": "Wailord",
    "type1": "Water",
    "URL": "https://bulbapedia.bulbagarden.net//wiki/Wailord_%28Pok%C3%A9mon%29"
  },
  {
    "kdex": "#101",
    "ndex": "#322",
    "name": "Numel",
    "type1": "Fire",
    "type2": "Ground",
    "URL": "https://bulbapedia.bulbagarden.net//wiki/Numel_%28Pok%C3%A9mon%29"
  },
  {
    "kdex": "#102",
    "ndex": "#323",
    "name": "Camerupt",
    "type1": "Fire",
    "type2": "Ground",
    "URL": "https://bulbapedia.bulbagarden.net//wiki/Camerupt_%28Pok%C3%A9mon%29"
  },
  {
    "kdex": "#105",
    "ndex": "#324",
    "name": "Torkoal",
    "type1": "Fire",
    "URL": "https://bulbapedia.bulbagarden.net//wiki/Torkoal_%28Pok%C3%A9mon%29"
  },
  {
    "kdex": "#110",
    "ndex": "#325",
    "name": "Spoink",
    "type1": "Psychic",
    "URL": "https://bulbapedia.bulbagarden.net//wiki/Spoink_%28Pok%C3%A9mon%29"
  },
  {
    "kdex": "#111",
    "ndex": "#326",
    "name": "Grumpig",
    "type1": "Psychic",
    "URL": "https://bulbapedia.bulbagarden.net//wiki/Grumpig_%28Pok%C3%A9mon%29"
  },
  {
    "kdex": "#114",
    "ndex": "#327",
    "name": "Spinda",
    "type1": "Normal",
    "URL": "https://bulbapedia.bulbagarden.net//wiki/Spinda_%28Pok%C3%A9mon%29"
  },
  {
    "kdex": "#116",
    "ndex": "#328",
    "name": "Trapinch",
    "type1": "Ground",
    "URL": "https://bulbapedia.bulbagarden.net//wiki/Trapinch_%28Pok%C3%A9mon%29"
  },
  {
    "kdex": "#117",
    "ndex": "#329",
    "name": "Vibrava",
    "type1": "Ground",
    "type2": "Dragon",
    "URL": "https://bulbapedia.bulbagarden.net//wiki/Vibrava_%28Pok%C3%A9mon%29"
  },
  {
    "kdex": "#118",
    "ndex": "#330",
    "name": "Flygon",
    "type1": "Ground",
    "type2": "Dragon",
    "URL": "https://bulbapedia.bulbagarden.net//wiki/Flygon_%28Pok%C3%A9mon%29"
  },
  {
    "kdex": "#119",
    "ndex": "#331",
    "name": "Cacnea",
    "type1": "Grass",
    "URL": "https://bulbapedia.bulbagarden.net//wiki/Cacnea_%28Pok%C3%A9mon%29"
  },
  {
    "kdex": "#120",
    "ndex": "#332",
    "name": "Cacturne",
    "type1": "Grass",
    "type2": "Dark",
    "URL": "https://bulbapedia.bulbagarden.net//wiki/Cacturne_%28Pok%C3%A9mon%29"
  },
  {
    "kdex": "#121",
    "ndex": "#333",
    "name": "Swablu",
    "type1": "Normal",
    "type2": "Flying",
    "URL": "https://bulbapedia.bulbagarden.net//wiki/Swablu_%28Pok%C3%A9mon%29"
  },
  {
    "kdex": "#122",
    "ndex": "#334",
    "name": "Altaria",
    "type1": "Dragon",
    "type2": "Flying",
    "URL": "https://bulbapedia.bulbagarden.net//wiki/Altaria_%28Pok%C3%A9mon%29"
  },
  {
    "kdex": "#123",
    "ndex": "#335",
    "name": "Zangoose",
    "type1": "Normal",
    "URL": "https://bulbapedia.bulbagarden.net//wiki/Zangoose_%28Pok%C3%A9mon%29"
  },
  {
    "kdex": "#124",
    "ndex": "#336",
    "name": "Seviper",
    "type1": "Poison",
    "URL": "https://bulbapedia.bulbagarden.net//wiki/Seviper_%28Pok%C3%A9mon%29"
  },
  {
    "kdex": "#125",
    "ndex": "#337",
    "name": "Lunatone",
    "type1": "Rock",
    "type2": "Psychic",
    "URL": "https://bulbapedia.bulbagarden.net//wiki/Lunatone_%28Pok%C3%A9mon%29"
  },
  {
    "kdex": "#126",
    "ndex": "#338",
    "name": "Solrock",
    "type1": "Rock",
    "type2": "Psychic",
    "URL": "https://bulbapedia.bulbagarden.net//wiki/Solrock_%28Pok%C3%A9mon%29"
  },
  {
    "kdex": "#127",
    "ndex": "#339",
    "name": "Barboach",
    "type1": "Water",
    "type2": "Ground",
    "URL": "https://bulbapedia.bulbagarden.net//wiki/Barboach_%28Pok%C3%A9mon%29"
  },
  {
    "kdex": "#128",
    "ndex": "#340",
    "name": "Whiscash",
    "type1": "Water",
    "type2": "Ground",
    "URL": "https://bulbapedia.bulbagarden.net//wiki/Whiscash_%28Pok%C3%A9mon%29"
  },
  {
    "kdex": "#129",
    "ndex": "#341",
    "name": "Corphish",
    "type1": "Water",
    "URL": "https://bulbapedia.bulbagarden.net//wiki/Corphish_%28Pok%C3%A9mon%29"
  },
  {
    "kdex": "#130",
    "ndex": "#342",
    "name": "Crawdaunt",
    "type1": "Water",
    "type2": "Dark",
    "URL": "https://bulbapedia.bulbagarden.net//wiki/Crawdaunt_%28Pok%C3%A9mon%29"
  },
  {
    "kdex": "#131",
    "ndex": "#343",
    "name": "Baltoy",
    "type1": "Ground",
    "type2": "Psychic",
    "URL": "https://bulbapedia.bulbagarden.net//wiki/Baltoy_%28Pok%C3%A9mon%29"
  },
  {
    "kdex": "#132",
    "ndex": "#344",
    "name": "Claydol",
    "type1": "Ground",
    "type2": "Psychic",
    "URL": "https://bulbapedia.bulbagarden.net//wiki/Claydol_%28Pok%C3%A9mon%29"
  },
  {
    "kdex": "#133",
    "ndex": "#345",
    "name": "Lileep",
    "type1": "Rock",
    "type2": "Grass",
    "URL": "https://bulbapedia.bulbagarden.net//wiki/Lileep_%28Pok%C3%A9mon%29"
  },
  {
    "kdex": "#134",
    "ndex": "#346",
    "name": "Cradily",
    "type1": "Rock",
    "type2": "Grass",
    "URL": "https://bulbapedia.bulbagarden.net//wiki/Cradily_%28Pok%C3%A9mon%29"
  },
  {
    "kdex": "#135",
    "ndex": "#347",
    "name": "Anorith",
    "type1": "Rock",
    "type2": "Bug",
    "URL": "https://bulbapedia.bulbagarden.net//wiki/Anorith_%28Pok%C3%A9mon%29"
  },
  {
    "kdex": "#136",
    "ndex": "#348",
    "name": "Armaldo",
    "type1": "Rock",
    "type2": "Bug",
    "URL": "https://bulbapedia.bulbagarden.net//wiki/Armaldo_%28Pok%C3%A9mon%29"
  },
  {
    "kdex": "#140",
    "ndex": "#349",
    "name": "Feebas",
    "type1": "Water",
    "URL": "https://bulbapedia.bulbagarden.net//wiki/Feebas_%28Pok%C3%A9mon%29"
  },
  {
    "kdex": "#141",
    "ndex": "#350",
    "name": "Milotic",
    "type1": "Water",
    "URL": "https://bulbapedia.bulbagarden.net//wiki/Milotic_%28Pok%C3%A9mon%29"
  },
  {
    "kdex": "#142",
    "ndex": "#351",
    "name": "Castform",
    "type1": "Normal",
    "URL": "https://bulbapedia.bulbagarden.net//wiki/Castform_%28Pok%C3%A9mon%29"
  },
  {
    "kdex": "#142",
    "ndex": "#351",
    "name": "Castform",
    "type1": "Fire",
    "URL": "https://bulbapedia.bulbagarden.net//wiki/Castform_%28Pok%C3%A9mon%29"
  },
  {
    "kdex": "#142",
    "ndex": "#351",
    "name": "Castform",
    "type1": "Water",
    "URL": "https://bulbapedia.bulbagarden.net//wiki/Castform_%28Pok%C3%A9mon%29"
  },
  {
    "kdex": "#142",
    "ndex": "#351",
    "name": "Castform",
    "type1": "Ice",
    "URL": "https://bulbapedia.bulbagarden.net//wiki/Castform_%28Pok%C3%A9mon%29"
  },
  {
    "kdex": "#145",
    "ndex": "#352",
    "name": "Kecleon",
    "type1": "Normal",
    "URL": "https://bulbapedia.bulbagarden.net//wiki/Kecleon_%28Pok%C3%A9mon%29"
  },
  {
    "kdex": "#146",
    "ndex": "#353",
    "name": "Shuppet",
    "type1": "Ghost",
    "URL": "https://bulbapedia.bulbagarden.net//wiki/Shuppet_%28Pok%C3%A9mon%29"
  },
  {
    "kdex": "#147",
    "ndex": "#354",
    "name": "Banette",
    "type1": "Ghost",
    "URL": "https://bulbapedia.bulbagarden.net//wiki/Banette_%28Pok%C3%A9mon%29"
  },
  {
    "kdex": "#148",
    "ndex": "#355",
    "name": "Duskull",
    "type1": "Ghost",
    "URL": "https://bulbapedia.bulbagarden.net//wiki/Duskull_%28Pok%C3%A9mon%29"
  },
  {
    "kdex": "#149",
    "ndex": "#356",
    "name": "Dusclops",
    "type1": "Ghost",
    "URL": "https://bulbapedia.bulbagarden.net//wiki/Dusclops_%28Pok%C3%A9mon%29"
  },
  {
    "kdex": "#150",
    "ndex": "#357",
    "name": "Tropius",
    "type1": "Grass",
    "type2": "Flying",
    "URL": "https://bulbapedia.bulbagarden.net//wiki/Tropius_%28Pok%C3%A9mon%29"
  },
  {
    "kdex": "#151",
    "ndex": "#358",
    "name": "Chimecho",
    "type1": "Psychic",
    "URL": "https://bulbapedia.bulbagarden.net//wiki/Chimecho_%28Pok%C3%A9mon%29"
  },
  {
    "kdex": "#152",
    "ndex": "#359",
    "name": "Absol",
    "type1": "Dark",
    "URL": "https://bulbapedia.bulbagarden.net//wiki/Absol_%28Pok%C3%A9mon%29"
  },
  {
    "kdex": "#160",
    "ndex": "#360",
    "name": "Wynaut",
    "type1": "Psychic",
    "URL": "https://bulbapedia.bulbagarden.net//wiki/Wynaut_%28Pok%C3%A9mon%29"
  },
  {
    "kdex": "#171",
    "ndex": "#361",
    "name": "Snorunt",
    "type1": "Ice",
    "URL": "https://bulbapedia.bulbagarden.net//wiki/Snorunt_%28Pok%C3%A9mon%29"
  },
  {
    "kdex": "#172",
    "ndex": "#362",
    "name": "Glalie",
    "type1": "Ice",
    "URL": "https://bulbapedia.bulbagarden.net//wiki/Glalie_%28Pok%C3%A9mon%29"
  },
  {
    "kdex": "#173",
    "ndex": "#363",
    "name": "Spheal",
    "type1": "Ice",
    "type2": "Water",
    "URL": "https://bulbapedia.bulbagarden.net//wiki/Spheal_%28Pok%C3%A9mon%29"
  },
  {
    "kdex": "#174",
    "ndex": "#364",
    "name": "Sealeo",
    "type1": "Ice",
    "type2": "Water",
    "URL": "https://bulbapedia.bulbagarden.net//wiki/Sealeo_%28Pok%C3%A9mon%29"
  },
  {
    "kdex": "#175",
    "ndex": "#365",
    "name": "Walrein",
    "type1": "Ice",
    "type2": "Water",
    "URL": "https://bulbapedia.bulbagarden.net//wiki/Walrein_%28Pok%C3%A9mon%29"
  },
  {
    "kdex": "#176",
    "ndex": "#366",
    "name": "Clamperl",
    "type1": "Water",
    "URL": "https://bulbapedia.bulbagarden.net//wiki/Clamperl_%28Pok%C3%A9mon%29"
  },
  {
    "kdex": "#177",
    "ndex": "#367",
    "name": "Huntail",
    "type1": "Water",
    "URL": "https://bulbapedia.bulbagarden.net//wiki/Huntail_%28Pok%C3%A9mon%29"
  },
  {
    "kdex": "#178",
    "ndex": "#368",
    "name": "Gorebyss",
    "type1": "Water",
    "URL": "https://bulbapedia.bulbagarden.net//wiki/Gorebyss_%28Pok%C3%A9mon%29"
  },
  {
    "kdex": "#179",
    "ndex": "#369",
    "name": "Relicanth",
    "type1": "Water",
    "type2": "Rock",
    "URL": "https://bulbapedia.bulbagarden.net//wiki/Relicanth_%28Pok%C3%A9mon%29"
  },
  {
    "kdex": "#183",
    "ndex": "#370",
    "name": "Luvdisc",
    "type1": "Water",
    "URL": "https://bulbapedia.bulbagarden.net//wiki/Luvdisc_%28Pok%C3%A9mon%29"
  },
  {
    "kdex": "#187",
    "ndex": "#371",
    "name": "Bagon",
    "type1": "Dragon",
    "URL": "https://bulbapedia.bulbagarden.net//wiki/Bagon_%28Pok%C3%A9mon%29"
  },
  {
    "kdex": "#188",
    "ndex": "#372",
    "name": "Shelgon",
    "type1": "Dragon",
    "URL": "https://bulbapedia.bulbagarden.net//wiki/Shelgon_%28Pok%C3%A9mon%29"
  },
  {
    "kdex": "#189",
    "ndex": "#373",
    "name": "Salamence",
    "type1": "Dragon",
    "type2": "Flying",
    "URL": "https://bulbapedia.bulbagarden.net//wiki/Salamence_%28Pok%C3%A9mon%29"
  },
  {
    "kdex": "#190",
    "ndex": "#374",
    "name": "Beldum",
    "type1": "Steel",
    "type2": "Psychic",
    "URL": "https://bulbapedia.bulbagarden.net//wiki/Beldum_%28Pok%C3%A9mon%29"
  },
  {
    "kdex": "#191",
    "ndex": "#375",
    "name": "Metang",
    "type1": "Steel",
    "type2": "Psychic",
    "URL": "https://bulbapedia.bulbagarden.net//wiki/Metang_%28Pok%C3%A9mon%29"
  },
  {
    "kdex": "#192",
    "ndex": "#376",
    "name": "Metagross",
    "type1": "Steel",
    "type2": "Psychic",
    "URL": "https://bulbapedia.bulbagarden.net//wiki/Metagross_%28Pok%C3%A9mon%29"
  },
  {
    "kdex": "#193",
    "ndex": "#377",
    "name": "Regirock",
    "type1": "Rock",
    "URL": "https://bulbapedia.bulbagarden.net//wiki/Regirock_%28Pok%C3%A9mon%29"
  },
  {
    "kdex": "#194",
    "ndex": "#378",
    "name": "Regice",
    "type1": "Ice",
    "URL": "https://bulbapedia.bulbagarden.net//wiki/Regice_%28Pok%C3%A9mon%29"
  },
  {
    "kdex": "#195",
    "ndex": "#379",
    "name": "Registeel",
    "type1": "Steel",
    "URL": "https://bulbapedia.bulbagarden.net//wiki/Registeel_%28Pok%C3%A9mon%29"
  },
  {
    "kdex": "#196",
    "ndex": "#380",
    "name": "Latias",
    "type1": "Dragon",
    "type2": "Psychic",
    "URL": "https://bulbapedia.bulbagarden.net//wiki/Latias_%28Pok%C3%A9mon%29"
  },
  {
    "kdex": "#197",
    "ndex": "#381",
    "name": "Latios",
    "type1": "Dragon",
    "type2": "Psychic",
    "URL": "https://bulbapedia.bulbagarden.net//wiki/Latios_%28Pok%C3%A9mon%29"
  },
  {
    "kdex": "#198",
    "ndex": "#382",
    "name": "Kyogre",
    "type1": "Water",
    "URL": "https://bulbapedia.bulbagarden.net//wiki/Kyogre_%28Pok%C3%A9mon%29"
  },
  {
    "kdex": "#199",
    "ndex": "#383",
    "name": "Groudon",
    "type1": "Ground",
    "URL": "https://bulbapedia.bulbagarden.net//wiki/Groudon_%28Pok%C3%A9mon%29"
  },
  {
    "kdex": "#200",
    "ndex": "#384",
    "name": "Rayquaza",
    "type1": "Dragon",
    "type2": "Flying",
    "URL": "https://bulbapedia.bulbagarden.net//wiki/Rayquaza_%28Pok%C3%A9mon%29"
  },
  {
    "kdex": "#201",
    "ndex": "#385",
    "name": "Jirachi",
    "type1": "Steel",
    "type2": "Psychic",
    "URL": "https://bulbapedia.bulbagarden.net//wiki/Jirachi_%28Pok%C3%A9mon%29"
  },
  {
    "kdex": "#202",
    "ndex": "#386",
    "name": "Deoxys",
    "type1": "Psychic",
    "URL": "https://bulbapedia.bulbagarden.net//wiki/Deoxys_%28Pok%C3%A9mon%29"
  },
  {
    "kdex": "#202",
    "ndex": "#386",
    "name": "Deoxys",
    "type1": "Psychic",
    "URL": "https://bulbapedia.bulbagarden.net//wiki/Deoxys_%28Pok%C3%A9mon%29"
  },
  {
    "kdex": "#202",
    "ndex": "#386",
    "name": "Deoxys",
    "type1": "Psychic",
    "URL": "https://bulbapedia.bulbagarden.net//wiki/Deoxys_%28Pok%C3%A9mon%29"
  },
  {
    "kdex": "#202",
    "ndex": "#386",
    "name": "Deoxys",
    "type1": "Psychic",
    "URL": "https://bulbapedia.bulbagarden.net//wiki/Deoxys_%28Pok%C3%A9mon%29"
  }
]
