[
  {
    "kdex": "#001",
    "ndex": "#387",
    "name": "Turtwig",
    "type1": "Grass",
    "URL": "https://bulbapedia.bulbagarden.net//wiki/Turtwig_%28Pok%C3%A9mon%29"
  },
  {
    "kdex": "#002",
    "ndex": "#388",
    "name": "Grotle",
    "type1": "Grass",
    "URL": "https://bulbapedia.bulbagarden.net//wiki/Grotle_%28Pok%C3%A9mon%29"
  },
  {
    "kdex": "#003",
    "ndex": "#389",
    "name": "Torterra",
    "type1": "Grass",
    "type2": "Ground",
    "URL": "https://bulbapedia.bulbagarden.net//wiki/Torterra_%28Pok%C3%A9mon%29"
  },
  {
    "kdex": "#004",
    "ndex": "#390",
    "name": "Chimchar",
    "type1": "Fire",
    "URL": "https://bulbapedia.bulbagarden.net//wiki/Chimchar_%28Pok%C3%A9mon%29"
  },
  {
    "kdex": "#005",
    "ndex": "#391",
    "name": "Monferno",
    "type1": "Fire",
    "type2": "Fighting",
    "URL": "https://bulbapedia.bulbagarden.net//wiki/Monferno_%28Pok%C3%A9mon%29"
  },
  {
    "kdex": "#006",
    "ndex": "#392",
    "name": "Infernape",
    "type1": "Fire",
    "type2": "Fighting",
    "URL": "https://bulbapedia.bulbagarden.net//wiki/Infernape_%28Pok%C3%A9mon%29"
  },
  {
    "kdex": "#007",
    "ndex": "#393",
    "name": "Piplup",
    "type1": "Water",
    "URL": "https://bulbapedia.bulbagarden.net//wiki/Piplup_%28Pok%C3%A9mon%29"
  },
  {
    "kdex": "#008",
    "ndex": "#394",
    "name": "Prinplup",
    "type1": "Water",
    "URL": "https://bulbapedia.bulbagarden.net//wiki/Prinplup_%28Pok%C3%A9mon%29"
  },
  {
    "kdex": "#009",
    "ndex": "#395",
    "name": "Empoleon",
    "type1": "Water",
    "type2": "Steel",
    "URL": "https://bulbapedia.bulbagarden.net//wiki/Empoleon_%28Pok%C3%A9mon%29"
  },
  {
    "kdex": "#010",
    "ndex": "#396",
    "name": "Starly",
    "type1": "Normal",
    "type2": "Flying",
    "URL": "https://bulbapedia.bulbagarden.net//wiki/Starly_%28Pok%C3%A9mon%29"
  },
  {
    "kdex": "#011",
    "ndex": "#397",
    "name": "Staravia",
    "type1": "Normal",
    "type2": "Flying",
    "URL": "https://bulbapedia.bulbagarden.net//wiki/Staravia_%28Pok%C3%A9mon%29"
  },
  {
    "kdex": "#012",
    "ndex": "#398",
    "name": "Staraptor",
    "type1": "Normal",
    "type2": "Flying",
    "URL": "https://bulbapedia.bulbagarden.net//wiki/Staraptor_%28Pok%C3%A9mon%29"
  },
  {
    "kdex": "#013",
    "ndex": "#399",
    "name": "Bidoof",
    "type1": "Normal",
    "URL": "https://bulbapedia.bulbagarden.net//wiki/Bidoof_%28Pok%C3%A9mon%29"
  },
  {
    "kdex": "#014",
    "ndex": "#400",
    "name": "Bibarel",
    "type1": "Normal",
    "type2": "Water",
    "URL": "https://bulbapedia.bulbagarden.net//wiki/Bibarel_%28Pok%C3%A9mon%29"
  },
  {
    "kdex": "#015",
    "ndex": "#401",
    "name": "Kricketot",
    "type1": "Bug",
    "URL": "https://bulbapedia.bulbagarden.net//wiki/Kricketot_%28Pok%C3%A9mon%29"
  },
  {
    "kdex": "#016",
    "ndex": "#402",
    "name": "Kricketune",
    "type1": "Bug",
    "URL": "https://bulbapedia.bulbagarden.net//wiki/Kricketune_%28Pok%C3%A9mon%29"
  },
  {
    "kdex": "#017",
    "ndex": "#403",
    "name": "Shinx",
    "type1": "Electric",
    "URL": "https://bulbapedia.bulbagarden.net//wiki/Shinx_%28Pok%C3%A9mon%29"
  },
  {
    "kdex": "#018",
    "ndex": "#404",
    "name": "Luxio",
    "type1": "Electric",
    "URL": "https://bulbapedia.bulbagarden.net//wiki/Luxio_%28Pok%C3%A9mon%29"
  },
  {
    "kdex": "#019",
    "ndex": "#405",
    "name": "Luxray",
    "type1": "Electric",
    "URL": "https://bulbapedia.bulbagarden.net//wiki/Luxray_%28Pok%C3%A9mon%29"
  },
  {
    "kdex": "#025",
    "ndex": "#406",
    "name": "Budew",
    "type1": "Grass",
    "type2": "Poison",
    "URL": "https://bulbapedia.bulbagarden.net//wiki/Budew_%28Pok%C3%A9mon%29"
  },
  {
    "kdex": "#027",
    "ndex": "#407",
    "name": "Roserade",
    "type1": "Grass",
    "type2": "Poison",
    "URL": "https://bulbapedia.bulbagarden.net//wiki/Roserade_%28Pok%C3%A9mon%29"
  },
  {
    "kdex": "#036",
    "ndex": "#408",
    "name": "Cranidos",
    "type1": "Rock",
    "URL": "https://bulbapedia.bulbagarden.net//wiki/Cranidos_%28Pok%C3%A9mon%29"
  },
  {
    "kdex": "#037",
    "ndex": "#409",
    "name": "Rampardos",
    "type1": "Rock",
    "URL": "https://bulbapedia.bulbagarden.net//wiki/Rampardos_%28Pok%C3%A9mon%29"
  },
  {
    "kdex": "#038",
    "ndex": "#410",
    "name": "Shieldon",
    "type1": "Rock",
    "type2": "Steel",
    "URL": "https://bulbapedia.bulbagarden.net//wiki/Shieldon_%28Pok%C3%A9mon%29"
  },
  {
    "kdex": "#039",
    "ndex": "#411",
    "name": "Bastiodon",
    "type1": "Rock",
    "type2": "Steel",
    "URL": "https://bulbapedia.bulbagarden.net//wiki/Bastiodon_%28Pok%C3%A9mon%29"
  },
  {
    "kdex": "#045",
    "ndex": "#412",
    "name": "Burmy",
    "type1": "Bug",
    "URL": "https://bulbapedia.bulbagarden.net//wiki/Burmy_%28Pok%C3%A9mon%29"
  },
  {
    "kdex": "#045",
    "ndex": "#412",
    "name": "Burmy",
    "type1": "Bug",
    "URL": "https://bulbapedia.bulbagarden.net//wiki/Burmy_%28Pok%C3%A9mon%29"
  },
  {
    "kdex": "#045",
    "ndex": "#412",
    "name": "Burmy",
    "type1": "Bug",
    "URL": "https://bulbapedia.bulbagarden.net//wiki/Burmy_%28Pok%C3%A9mon%29"
  },
  {
    "kdex": "#046",
    "ndex": "#413",
    "name": "Wormadam",
    "type1": "Bug",
    "type2": "Grass",
    "URL": "https://bulbapedia.bulbagarden.net//wiki/Wormadam_%28Pok%C3%A9mon%29"
  },
  {
    "kdex": "#046",
    "ndex": "#413",
    "name": "Wormadam",
    "type1": "Bug",
    "type2": "Ground",
    "URL": "https://bulbapedia.bulbagarden.net//wiki/Wormadam_%28Pok%C3%A9mon%29"
  },
  {
    "kdex": "#046",
    "ndex": "#413",
    "name": "Wormadam",
    "type1": "Bug",
    "type2": "Steel",
    "URL": "https://bulbapedia.bulbagarden.net//wiki/Wormadam_%28Pok%C3%A9mon%29"
  },
  {
    "kdex": "#047",
    "ndex": "#414",
    "name": "Mothim",
    "type1": "Bug",
    "type2": "Flying",
    "URL": "https://bulbapedia.bulbagarden.net//wiki/Mothim_%28Pok%C3%A9mon%29"
  },
  {
    "kdex": "#053",
    "ndex": "#415",
    "name": "Combee",
    "type1": "Bug",
    "type2": "Flying",
    "URL": "https://bulbapedia.bulbagarden.net//wiki/Combee_%28Pok%C3%A9mon%29"
  },
  {
    "kdex": "#054",
    "ndex": "#416",
    "name": "Vespiquen",
    "type1": "Bug",
    "type2": "Flying",
    "URL": "https://bulbapedia.bulbagarden.net//wiki/Vespiquen_%28Pok%C3%A9mon%29"
  },
  {
    "kdex": "#055",
    "ndex": "#417",
    "name": "Pachirisu",
    "type1": "Electric",
    "URL": "https://bulbapedia.bulbagarden.net//wiki/Pachirisu_%28Pok%C3%A9mon%29"
  },
  {
    "kdex": "#056",
    "ndex": "#418",
    "name": "Buizel",
    "type1": "Water",
    "URL": "https://bulbapedia.bulbagarden.net//wiki/Buizel_%28Pok%C3%A9mon%29"
  },
  {
    "kdex": "#057",
    "ndex": "#419",
    "name": "Floatzel",
    "type1": "Water",
    "URL": "https://bulbapedia.bulbagarden.net//wiki/Floatzel_%28Pok%C3%A9mon%29"
  },
  {
    "kdex": "#058",
    "ndex": "#420",
    "name": "Cherubi",
    "type1": "Grass",
    "URL": "https://bulbapedia.bulbagarden.net//wiki/Cherubi_%28Pok%C3%A9mon%29"
  },
  {
    "kdex": "#059",
    "ndex": "#421",
    "name": "Cherrim",
    "type1": "Grass",
    "URL": "https://bulbapedia.bulbagarden.net//wiki/Cherrim_%28Pok%C3%A9mon%29"
  },
  {
    "kdex": "#060",
    "ndex": "#422",
    "name": "Shellos",
    "type1": "Water",
    "URL": "https://bulbapedia.bulbagarden.net//wiki/Shellos_%28Pok%C3%A9mon%29"
  },
  {
    "kdex": "#060",
    "ndex": "#422",
    "name": "Shellos",
    "type1": "Water",
    "URL": "https://bulbapedia.bulbagarden.net//wiki/Shellos_%28Pok%C3%A9mon%29"
  },
  {
    "kdex": "#061",
    "ndex": "#423",
    "name": "Gastrodon",
    "type1": "Water",
    "type2": "Ground",
    "URL": "https://bulbapedia.bulbagarden.net//wiki/Gastrodon_%28Pok%C3%A9mon%29"
  },
  {
    "kdex": "#061",
    "ndex": "#423",
    "name": "Gastrodon",
    "type1": "Water",
    "type2": "Ground",
    "URL": "https://bulbapedia.bulbagarden.net//wiki/Gastrodon_%28Pok%C3%A9mon%29"
  },
  {
    "kdex": "#064",
    "ndex": "#424",
    "name": "Ambipom",
    "type1": "Normal",
    "URL": "https://bulbapedia.bulbagarden.net//wiki/Ambipom_%28Pok%C3%A9mon%29"
  },
  {
    "kdex": "#065",
    "ndex": "#425",
    "name": "Drifloon",
    "type1": "Ghost",
    "type2": "Flying",
    "URL": "https://bulbapedia.bulbagarden.net//wiki/Drifloon_%28Pok%C3%A9mon%29"
  },
  {
    "kdex": "#066",
    "ndex": "#426",
    "name": "Drifblim",
    "type1": "Ghost",
    "type2": "Flying",
    "URL": "https://bulbapedia.bulbagarden.net//wiki/Drifblim_%28Pok%C3%A9mon%29"
  },
  {
    "kdex": "#067",
    "ndex": "#427",
    "name": "Buneary",
    "type1": "Normal",
    "URL": "https://bulbapedia.bulbagarden.net//wiki/Buneary_%28Pok%C3%A9mon%29"
  },
  {
    "kdex": "#068",
    "ndex": "#428",
    "name": "Lopunny",
    "type1": "Normal",
    "URL": "https://bulbapedia.bulbagarden.net//wiki/Lopunny_%28Pok%C3%A9mon%29"
  },
  {
    "kdex": "#073",
    "ndex": "#429",
    "name": "Mismagius",
    "type1": "Ghost",
    "URL": "https://bulbapedia.bulbagarden.net//wiki/Mismagius_%28Pok%C3%A9mon%29"
  },
  {
    "kdex": "#075",
    "ndex": "#430",
    "name": "Honchkrow",
    "type1": "Dark",
    "type2": "Flying",
    "URL": "https://bulbapedia.bulbagarden.net//wiki/Honchkrow_%28Pok%C3%A9mon%29"
  },
  {
    "kdex": "#076",
    "ndex": "#431",
    "name": "Glameow",
    "type1": "Normal",
    "URL": "https://bulbapedia.bulbagarden.net//wiki/Glameow_%28Pok%C3%A9mon%29"
  },
  {
    "kdex": "#077",
    "ndex": "#432",
    "name": "Purugly",
    "type1": "Normal",
    "URL": "https://bulbapedia.bulbagarden.net//wiki/Purugly_%28Pok%C3%A9mon%29"
  },
  {
    "kdex": "#082",
    "ndex": "#433",
    "name": "Chingling",
    "type1": "Psychic",
    "URL": "https://bulbapedia.bulbagarden.net//wiki/Chingling_%28Pok%C3%A9mon%29"
  },
  {
    "kdex": "#084",
    "ndex": "#434",
    "name": "Stunky",
    "type1": "Poison",
    "type2": "Dark",
    "URL": "https://bulbapedia.bulbagarden.net//wiki/Stunky_%28Pok%C3%A9mon%29"
  },
  {
    "kdex": "#085",
    "ndex": "#435",
    "name": "Skuntank",
    "type1": "Poison",
    "type2": "Dark",
    "URL": "https://bulbapedia.bulbagarden.net//wiki/Skuntank_%28Pok%C3%A9mon%29"
  },
  {
    "kdex": "#088",
    "ndex": "#436",
    "name": "Bronzor",
    "type1": "Steel",
    "type2": "Psychic",
    "URL": "https://bulbapedia.bulbagarden.net//wiki/Bronzor_%28Pok%C3%A9mon%29"
  },
  {
    "kdex": "#089",
    "ndex": "#437",
    "name": "Bronzong",
    "type1": "Steel",
    "type2": "Psychic",
    "URL": "https://bulbapedia.bulbagarden.net//wiki/Bronzong_%28Pok%C3%A9mon%29"
  },
  {
    "kdex": "#092",
    "ndex": "#438",
    "name": "Bonsly",
    "type1": "Rock",
    "URL": "https://bulbapedia.bulbagarden.net//wiki/Bonsly_%28Pok%C3%A9mon%29"
  },
  {
    "kdex": "#094",
    "ndex": "#439",
    "name": "Mime Jr.",
    "type1": "Psychic",
    "type2": "Fairy",
    "URL": "https://bulbapedia.bulbagarden.net//wiki/Mime_Jr._%28Pok%C3%A9mon%29"
  },
  {
    "kdex": "#096",
    "ndex": "#440",
    "name": "Happiny",
    "type1": "Normal",
    "URL": "https://bulbapedia.bulbagarden.net//wiki/Happiny_%28Pok%C3%A9mon%29"
  },
  {
    "kdex": "#102",
    "ndex": "#441",
    "name": "Chatot",
    "type1": "Normal",
    "type2": "Flying",
    "URL": "https://bulbapedia.bulbagarden.net//wiki/Chatot_%28Pok%C3%A9mon%29"
  },
  {
    "kdex": "#108",
    "ndex": "#442",
    "name": "Spiritomb",
    "type1": "Ghost",
    "type2": "Dark",
    "URL": "https://bulbapedia.bulbagarden.net//wiki/Spiritomb_%28Pok%C3%A9mon%29"
  },
  {
    "kdex": "#109",
    "ndex": "#443",
    "name": "Gible",
    "type1": "Dragon",
    "type2": "Ground",
    "URL": "https://bulbapedia.bulbagarden.net//wiki/Gible_%28Pok%C3%A9mon%29"
  },
  {
    "kdex": "#110",
    "ndex": "#444",
    "name": "Gabite",
    "type1": "Dragon",
    "type2": "Ground",
    "URL": "https://bulbapedia.bulbagarden.net//wiki/Gabite_%28Pok%C3%A9mon%29"
  },
  {
    "kdex": "#111",
    "ndex": "#445",
    "name": "Garchomp",
    "type1": "Dragon",
    "type2": "Ground",
    "URL": "https://bulbapedia.bulbagarden.net//wiki/Garchomp_%28Pok%C3%A9mon%29"
  },
  {
    "kdex": "#112",
    "ndex": "#446",
    "name": "Munchlax",
    "type1": "Normal",
    "URL": "https://bulbapedia.bulbagarden.net//wiki/Munchlax_%28Pok%C3%A9mon%29"
  },
  {
    "kdex": "#115",
    "ndex": "#447",
    "name": "Riolu",
    "type1": "Fighting",
    "URL": "https://bulbapedia.bulbagarden.net//wiki/Riolu_%28Pok%C3%A9mon%29"
  },
  {
    "kdex": "#116",
    "ndex": "#448",
    "name": "Lucario",
    "type1": "Fighting",
    "type2": "Steel",
    "URL": "https://bulbapedia.bulbagarden.net//wiki/Lucario_%28Pok%C3%A9mon%29"
  },
  {
    "kdex": "#122",
    "ndex": "#449",
    "name": "Hippopotas",
    "type1": "Ground",
    "URL": "https://bulbapedia.bulbagarden.net//wiki/Hippopotas_%28Pok%C3%A9mon%29"
  },
  {
    "kdex": "#123",
    "ndex": "#450",
    "name": "Hippowdon",
    "type1": "Ground",
    "URL": "https://bulbapedia.bulbagarden.net//wiki/Hippowdon_%28Pok%C3%A9mon%29"
  },
  {
    "kdex": "#127",
    "ndex": "#451",
    "name": "Skorupi",
    "type1": "Poison",
    "type2": "Bug",
    "URL": "https://bulbapedia.bulbagarden.net//wiki/Skorupi_%28Pok%C3%A9mon%29"
  },
  {
    "kdex": "#128",
    "ndex": "#452",
    "name": "Drapion",
    "type1": "Poison",
    "type2": "Dark",
    "URL": "https://bulbapedia.bulbagarden.net//wiki/Drapion_%28Pok%C3%A9mon%29"
  },
  {
    "kdex": "#129",
    "ndex": "#453",
    "name": "Croagunk",
    "type1": "Poison",
    "type2": "Fighting",
    "URL": "https://bulbapedia.bulbagarden.net//wiki/Croagunk_%28Pok%C3%A9mon%29"
  },
  {
    "kdex": "#130",
    "ndex": "#454",
    "name": "Toxicroak",
    "type1": "Poison",
    "type2": "Fighting",
    "URL": "https://bulbapedia.bulbagarden.net//wiki/Toxicroak_%28Pok%C3%A9mon%29"
  },
  {
    "kdex": "#131",
    "ndex": "#455",
    "name": "Carnivine",
    "type1": "Grass",
    "URL": "https://bulbapedia.bulbagarden.net//wiki/Carnivine_%28Pok%C3%A9mon%29"
  },
  {
    "kdex": "#134",
    "ndex": "#456",
    "name": "Finneon",
    "type1": "Water",
    "URL": "https://bulbapedia.bulbagarden.net//wiki/Finneon_%28Pok%C3%A9mon%29"
  },
  {
    "kdex": "#135",
    "ndex": "#457",
    "name": "Lumineon",
    "type1": "Water",
    "URL": "https://bulbapedia.bulbagarden.net//wiki/Lumineon_%28Pok%C3%A9mon%29"
  },
  {
    "kdex": "#140",
    "ndex": "#458",
    "name": "Mantyke",
    "type1": "Water",
    "type2": "Flying",
    "URL": "https://bulbapedia.bulbagarden.net//wiki/Mantyke_%28Pok%C3%A9mon%29"
  },
  {
    "kdex": "#142",
    "ndex": "#459",
    "name": "Snover",
    "type1": "Grass",
    "type2": "Ice",
    "URL": "https://bulbapedia.bulbagarden.net//wiki/Snover_%28Pok%C3%A9mon%29"
  },
  {
    "kdex": "#143",
    "ndex": "#460",
    "name": "Abomasnow",
    "type1": "Grass",
    "type2": "Ice",
    "URL": "https://bulbapedia.bulbagarden.net//wiki/Abomasnow_%28Pok%C3%A9mon%29"
  },
  {
    "kdex": "#145",
    "ndex": "#461",
    "name": "Weavile",
    "type1": "Dark",
    "type2": "Ice",
    "URL": "https://bulbapedia.bulbagarden.net//wiki/Weavile_%28Pok%C3%A9mon%29"
  },
  {
    "kdex": "#180",
    "ndex": "#462",
    "name": "Magnezone",
    "type1": "Electric",
    "type2": "Steel",
    "URL": "https://bulbapedia.bulbagarden.net//wiki/Magnezone_%28Pok%C3%A9mon%29"
  },
  {
    "kdex": "#162",
    "ndex": "#463",
    "name": "Lickilicky",
    "type1": "Normal",
    "URL": "https://bulbapedia.bulbagarden.net//wiki/Lickilicky_%28Pok%C3%A9mon%29"
  },
  {
    "kdex": "#188",
    "ndex": "#464",
    "name": "Rhyperior",
    "type1": "Ground",
    "type2": "Rock",
    "URL": "https://bulbapedia.bulbagarden.net//wiki/Rhyperior_%28Pok%C3%A9mon%29"
  },
  {
    "kdex": "#182",
    "ndex": "#465",
    "name": "Tangrowth",
    "type1": "Grass",
    "URL": "https://bulbapedia.bulbagarden.net//wiki/Tangrowth_%28Pok%C3%A9mon%29"
  },
  {
    "kdex": "#199",
    "ndex": "#466",
    "name": "Electivire",
    "type1": "Electric",
    "URL": "https://bulbapedia.bulbagarden.net//wiki/Electivire_%28Pok%C3%A9mon%29"
  },
  {
    "kdex": "#202",
    "ndex": "#467",
    "name": "Magmortar",
    "type1": "Fire",
    "URL": "https://bulbapedia.bulbagarden.net//wiki/Magmortar_%28Pok%C3%A9mon%29"
  },
  {
    "kdex": "#175",
    "ndex": "#468",
    "name": "Togekiss",
    "type1": "Fairy",
    "type2": "Flying",
    "URL": "https://bulbapedia.bulbagarden.net//wiki/Togekiss_%28Pok%C3%A9mon%29"
  },
  {
    "kdex": "#184",
    "ndex": "#469",
    "name": "Yanmega",
    "type1": "Bug",
    "type2": "Flying",
    "URL": "https://bulbapedia.bulbagarden.net//wiki/Yanmega_%28Pok%C3%A9mon%29"
  },
  {
    "kdex": "#169",
    "ndex": "#470",
    "name": "Leafeon",
    "type1": "Grass",
    "URL": "https://bulbapedia.bulbagarden.net//wiki/Leafeon_%28Pok%C3%A9mon%29"
  },
  {
    "kdex": "#170",
    "ndex": "#471",
    "name": "Glaceon",
    "type1": "Ice",
    "URL": "https://bulbapedia.bulbagarden.net//wiki/Glaceon_%28Pok%C3%A9mon%29"
  },
  {
    "kdex": "#154",
    "ndex": "#472",
    "name": "Gliscor",
    "type1": "Ground",
    "type2": "Flying",
    "URL": "https://bulbapedia.bulbagarden.net//wiki/Gliscor_%28Pok%C3%A9mon%29"
  },
  {
    "kdex": "#205",
    "ndex": "#473",
    "name": "Mamoswine",
    "type1": "Ice",
    "type2": "Ground",
    "URL": "https://bulbapedia.bulbagarden.net//wiki/Mamoswine_%28Pok%C3%A9mon%29"
  },
  {
    "kdex": "#194",
    "ndex": "#474",
    "name": "Porygon-Z",
    "type1": "Normal",
    "URL": "https://bulbapedia.bulbagarden.net//wiki/Porygon-Z_%28Pok%C3%A9mon%29"
  },
  {
    "kdex": "#160",
    "ndex": "#475",
    "name": "Gallade",
    "type1": "Psychic",
    "type2": "Fighting",
    "URL": "https://bulbapedia.bulbagarden.net//wiki/Gallade_%28Pok%C3%A9mon%29"
  },
  {
    "kdex": "#156",
    "ndex": "#476",
    "name": "Probopass",
    "type1": "Rock",
    "type2": "Steel",
    "URL": "https://bulbapedia.bulbagarden.net//wiki/Probopass_%28Pok%C3%A9mon%29"
  },
  {
    "kdex": "#191",
    "ndex": "#477",
    "name": "Dusknoir",
    "type1": "Ghost",
    "URL": "https://bulbapedia.bulbagarden.net//wiki/Dusknoir_%28Pok%C3%A9mon%29"
  },
  {
    "kdex": "#208",
    "ndex": "#478",
    "name": "Froslass",
    "type1": "Ice",
    "type2": "Ghost",
    "URL": "https://bulbapedia.bulbagarden.net//wiki/Froslass_%28Pok%C3%A9mon%29"
  },
  {
    "kdex": "#152",
    "ndex": "#479",
    "name": "Rotom",
    "type1": "Electric",
    "type2": "Ghost",
    "URL": "https://bulbapedia.bulbagarden.net//wiki/Rotom_%28Pok%C3%A9mon%29"
  },
  {
    "kdex": "#152",
    "ndex": "#479",
    "name": "Rotom",
    "type1": "Electric",
    "type2": "Fire",
    "URL": "https://bulbapedia.bulbagarden.net//wiki/Rotom_%28Pok%C3%A9mon%29"
  },
  {
    "kdex": "#152",
    "ndex": "#479",
    "name": "Rotom",
    "type1": "Electric",
    "type2": "Water",
    "URL": "https://bulbapedia.bulbagarden.net//wiki/Rotom_%28Pok%C3%A9mon%29"
  },
  {
    "kdex": "#152",
    "ndex": "#479",
    "name": "Rotom",
    "type1": "Electric",
    "type2": "Ice",
    "URL": "https://bulbapedia.bulbagarden.net//wiki/Rotom_%28Pok%C3%A9mon%29"
  },
  {
    "kdex": "#152",
    "ndex": "#479",
    "name": "Rotom",
    "type1": "Electric",
    "type2": "Flying",
    "URL": "https://bulbapedia.bulbagarden.net//wiki/Rotom_%28Pok%C3%A9mon%29"
  },
  {
    "kdex": "#152",
    "ndex": "#479",
    "name": "Rotom",
    "type1": "Electric",
    "type2": "Grass",
    "URL": "https://bulbapedia.bulbagarden.net//wiki/Rotom_%28Pok%C3%A9mon%29"
  },
  {
    "kdex": "#146",
    "ndex": "#480",
    "name": "Uxie",
    "type1": "Psychic",
    "URL": "https://bulbapedia.bulbagarden.net//wiki/Uxie_%28Pok%C3%A9mon%29"
  },
  {
    "kdex": "#147",
    "ndex": "#481",
    "name": "Mesprit",
    "type1": "Psychic",
    "URL": "https://bulbapedia.bulbagarden.net//wiki/Mesprit_%28Pok%C3%A9mon%29"
  },
  {
    "kdex": "#148",
    "ndex": "#482",
    "name": "Azelf",
    "type1": "Psychic",
    "URL": "https://bulbapedia.bulbagarden.net//wiki/Azelf_%28Pok%C3%A9mon%29"
  },
  {
    "kdex": "#149",
    "ndex": "#483",
    "name": "Dialga",
    "type1": "Steel",
    "type2": "Dragon",
    "URL": "https://bulbapedia.bulbagarden.net//wiki/Dialga_%28Pok%C3%A9mon%29"
  },
  {
    "kdex": "#150",
    "ndex": "#484",
    "name": "Palkia",
    "type1": "Water",
    "type2": "Dragon",
    "URL": "https://bulbapedia.bulbagarden.net//wiki/Palkia_%28Pok%C3%A9mon%29"
  },
  {
    "kdex": "",
    "ndex": "#485",
    "name": "Heatran",
    "type1": "Fire",
    "type2": "Steel",
    "URL": "https://bulbapedia.bulbagarden.net//wiki/Heatran_%28Pok%C3%A9mon%29"
  },
  {
    "kdex": "",
    "ndex": "#486",
    "name": "Regigigas",
    "type1": "Normal",
    "URL": "https://bulbapedia.bulbagarden.net//wiki/Regigigas_%28Pok%C3%A9mon%29"
  },
  {
    "kdex": "#210",
    "ndex": "#487",
    "name": "Giratina",
    "type1": "Ghost",
    "type2": "Dragon",
    "URL": "https://bulbapedia.bulbagarden.net//wiki/Giratina_%28Pok%C3%A9mon%29"
  },
  {
    "kdex": "#210",
    "ndex": "#487",
    "name": "Giratina",
    "type1": "Ghost",
    "type2": "Dragon",
    "URL": "https://bulbapedia.bulbagarden.net//wiki/Giratina_%28Pok%C3%A9mon%29"
  },
  {
    "kdex": "",
    "ndex": "#488",
    "name": "Cresselia",
    "type1": "Psychic",
    "URL": "https://bulbapedia.bulbagarden.net//wiki/Cresselia_%28Pok%C3%A9mon%29"
  },
  {
    "kdex": "",
    "ndex": "#489",
    "name": "Phione",
    "type1": "Water",
    "URL": "https://bulbapedia.bulbagarden.net//wiki/Phione_%28Pok%C3%A9mon%29"
  },
  {
    "kdex": "#151",
    "ndex": "#490",
    "name": "Manaphy",
    "type1": "Water",
    "URL": "https://bulbapedia.bulbagarden.net//wiki/Manaphy_%28Pok%C3%A9mon%29"
  },
  {
    "kdex": "",
    "ndex": "#491",
    "name": "Darkrai",
    "type1": "Dark",
    "URL": "https://bulbapedia.bulbagarden.net//wiki/Darkrai_%28Pok%C3%A9mon%29"
  },
  {
    "kdex": "",
    "ndex": "#492",
    "name": "Shaymin",
    "type1": "Grass",
    "URL": "https://bulbapedia.bulbagarden.net//wiki/Shaymin_%28Pok%C3%A9mon%29"
  },
  {
    "kdex": "",
    "ndex": "#492",
    "name": "Shaymin",
    "type1": "Grass",
    "type2": "Flying",
    "URL": "https://bulbapedia.bulbagarden.net//wiki/Shaymin_%28Pok%C3%A9mon%29"
  },
  {
    "kdex": "",
    "ndex": "#493",
    "name": "Arceus",
    "type1": "Normal",
    "URL": "https://bulbapedia.bulbagarden.net//wiki/Arceus_%28Pok%C3%A9mon%29"
  }
]
