[
  {
    "kdex": "#000",
    "ndex": "#494",
    "name": "Victini",
    "type1": "Psychic",
    "type2": "Fire",
    "URL": "https://bulbapedia.bulbagarden.net//wiki/Victini_%28Pok%C3%A9mon%29"
  },
  {
    "kdex": "#001",
    "ndex": "#495",
    "name": "Snivy",
    "type1": "Grass",
    "URL": "https://bulbapedia.bulbagarden.net//wiki/Snivy_%28Pok%C3%A9mon%29"
  },
  {
    "kdex": "#002",
    "ndex": "#496",
    "name": "Servine",
    "type1": "Grass",
    "URL": "https://bulbapedia.bulbagarden.net//wiki/Servine_%28Pok%C3%A9mon%29"
  },
  {
    "kdex": "#003",
    "ndex": "#497",
    "name": "Serperior",
    "type1": "Grass",
    "URL": "https://bulbapedia.bulbagarden.net//wiki/Serperior_%28Pok%C3%A9mon%29"
  },
  {
    "kdex": "#004",
    "ndex": "#498",
    "name": "Tepig",
    "type1": "Fire",
    "URL": "https://bulbapedia.bulbagarden.net//wiki/Tepig_%28Pok%C3%A9mon%29"
  },
  {
    "kdex": "#005",
    "ndex": "#499",
    "name": "Pignite",
    "type1": "Fire",
    "type2": "Fighting",
    "URL": "https://bulbapedia.bulbagarden.net//wiki/Pignite_%28Pok%C3%A9mon%29"
  },
  {
    "kdex": "#006",
    "ndex": "#500",
    "name": "Emboar",
    "type1": "Fire",
    "type2": "Fighting",
    "URL": "https://bulbapedia.bulbagarden.net//wiki/Emboar_%28Pok%C3%A9mon%29"
  },
  {
    "kdex": "#007",
    "ndex": "#501",
    "name": "Oshawott",
    "type1": "Water",
    "URL": "https://bulbapedia.bulbagarden.net//wiki/Oshawott_%28Pok%C3%A9mon%29"
  },
  {
    "kdex": "#008",
    "ndex": "#502",
    "name": "Dewott",
    "type1": "Water",
    "URL": "https://bulbapedia.bulbagarden.net//wiki/Dewott_%28Pok%C3%A9mon%29"
  },
  {
    "kdex": "#009",
    "ndex": "#503",
    "name": "Samurott",
    "type1": "Water",
    "URL": "https://bulbapedia.bulbagarden.net//wiki/Samurott_%28Pok%C3%A9mon%29"
  },
  {
    "kdex": "#010",
    "ndex": "#504",
    "name": "Patrat",
    "type1": "Normal",
    "URL": "https://bulbapedia.bulbagarden.net//wiki/Patrat_%28Pok%C3%A9mon%29"
  },
  {
    "kdex": "#011",
    "ndex": "#505",
    "name": "Watchog",
    "type1": "Normal",
    "URL": "https://bulbapedia.bulbagarden.net//wiki/Watchog_%28Pok%C3%A9mon%29"
  },
  {
    "kdex": "#012",
    "ndex": "#506",
    "name": "Lillipup",
    "type1": "Normal",
    "URL": "https://bulbapedia.bulbagarden.net//wiki/Lillipup_%28Pok%C3%A9mon%29"
  },
  {
    "kdex": "#013",
    "ndex": "#507",
    "name": "Herdier",
    "type1": "Normal",
    "URL": "https://bulbapedia.bulbagarden.net//wiki/Herdier_%28Pok%C3%A9mon%29"
  },
  {
    "kdex": "#014",
    "ndex": "#508",
    "name": "Stoutland",
    "type1": "Normal",
    "URL": "https://bulbapedia.bulbagarden.net//wiki/Stoutland_%28Pok%C3%A9mon%29"
  },
  {
    "kdex": "#015",
    "ndex": "#509",
    "name": "Purrloin",
    "type1": "Dark",
    "URL": "https://bulbapedia.bulbagarden.net//wiki/Purrloin_%28Pok%C3%A9mon%29"
  },
  {
    "kdex": "#016",
    "ndex": "#510",
    "name": "Liepard",
    "type1": "Dark",
    "URL": "https://bulbapedia.bulbagarden.net//wiki/Liepard_%28Pok%C3%A9mon%29"
  },
  {
    "kdex": "#017",
    "ndex": "#511",
    "name": "Pansage",
    "type1": "Grass",
    "URL": "https://bulbapedia.bulbagarden.net//wiki/Pansage_%28Pok%C3%A9mon%29"
  },
  {
    "kdex": "#018",
    "ndex": "#512",
    "name": "Simisage",
    "type1": "Grass",
    "URL": "https://bulbapedia.bulbagarden.net//wiki/Simisage_%28Pok%C3%A9mon%29"
  },
  {
    "kdex": "#019",
    "ndex": "#513",
    "name": "Pansear",
    "type1": "Fire",
    "URL": "https://bulbapedia.bulbagarden.net//wiki/Pansear_%28Pok%C3%A9mon%29"
  },
  {
    "kdex": "#020",
    "ndex": "#514",
    "name": "Simisear",
    "type1": "Fire",
    "URL": "https://bulbapedia.bulbagarden.net//wiki/Simisear_%28Pok%C3%A9mon%29"
  },
  {
    "kdex": "#021",
    "ndex": "#515",
    "name": "Panpour",
    "type1": "Water",
    "URL": "https://bulbapedia.bulbagarden.net//wiki/Panpour_%28Pok%C3%A9mon%29"
  },
  {
    "kdex": "#022",
    "ndex": "#516",
    "name": "Simipour",
    "type1": "Water",
    "URL": "https://bulbapedia.bulbagarden.net//wiki/Simipour_%28Pok%C3%A9mon%29"
  },
  {
    "kdex": "#023",
    "ndex": "#517",
    "name": "Munna",
    "type1": "Psychic",
    "URL": "https://bulbapedia.bulbagarden.net//wiki/Munna_%28Pok%C3%A9mon%29"
  },
  {
    "kdex": "#024",
    "ndex": "#518",
    "name": "Musharna",
    "type1": "Psychic",
    "URL": "https://bulbapedia.bulbagarden.net//wiki/Musharna_%28Pok%C3%A9mon%29"
  },
  {
    "kdex": "#025",
    "ndex": "#519",
    "name": "Pidove",
    "type1": "Normal",
    "type2": "Flying",
    "URL": "https://bulbapedia.bulbagarden.net//wiki/Pidove_%28Pok%C3%A9mon%29"
  },
  {
    "kdex": "#026",
    "ndex": "#520",
    "name": "Tranquill",
    "type1": "Normal",
    "type2": "Flying",
    "URL": "https://bulbapedia.bulbagarden.net//wiki/Tranquill_%28Pok%C3%A9mon%29"
  },
  {
    "kdex": "#027",
    "ndex": "#521",
    "name": "Unfezant",
    "type1": "Normal",
    "type2": "Flying",
    "URL": "https://bulbapedia.bulbagarden.net//wiki/Unfezant_%28Pok%C3%A9mon%29"
  },
  {
    "kdex": "#027",
    "ndex": "#521",
    "name": "Unfezant",
    "type1": "Normal",
    "type2": "Flying",
    "URL": "https://bulbapedia.bulbagarden.net//wiki/Unfezant_%28Pok%C3%A9mon%29"
  },
  {
    "kdex": "#028",
    "ndex": "#522",
    "name": "Blitzle",
    "type1": "Electric",
    "URL": "https://bulbapedia.bulbagarden.net//wiki/Blitzle_%28Pok%C3%A9mon%29"
  },
  {
    "kdex": "#029",
    "ndex": "#523",
    "name": "Zebstrika",
    "type1": "Electric",
    "URL": "https://bulbapedia.bulbagarden.net//wiki/Zebstrika_%28Pok%C3%A9mon%29"
  },
  {
    "kdex": "#030",
    "ndex": "#524",
    "name": "Roggenrola",
    "type1": "Rock",
    "URL": "https://bulbapedia.bulbagarden.net//wiki/Roggenrola_%28Pok%C3%A9mon%29"
  },
  {
    "kdex": "#031",
    "ndex": "#525",
    "name": "Boldore",
    "type1": "Rock",
    "URL": "https://bulbapedia.bulbagarden.net//wiki/Boldore_%28Pok%C3%A9mon%29"
  },
  {
    "kdex": "#032",
    "ndex": "#526",
    "name": "Gigalith",
    "type1": "Rock",
    "URL": "https://bulbapedia.bulbagarden.net//wiki/Gigalith_%28Pok%C3%A9mon%29"
  },
  {
    "kdex": "#033",
    "ndex": "#527",
    "name": "Woobat",
    "type1": "Psychic",
    "type2": "Flying",
    "URL": "https://bulbapedia.bulbagarden.net//wiki/Woobat_%28Pok%C3%A9mon%29"
  },
  {
    "kdex": "#034",
    "ndex": "#528",
    "name": "Swoobat",
    "type1": "Psychic",
    "type2": "Flying",
    "URL": "https://bulbapedia.bulbagarden.net//wiki/Swoobat_%28Pok%C3%A9mon%29"
  },
  {
    "kdex": "#035",
    "ndex": "#529",
    "name": "Drilbur",
    "type1": "Ground",
    "URL": "https://bulbapedia.bulbagarden.net//wiki/Drilbur_%28Pok%C3%A9mon%29"
  },
  {
    "kdex": "#036",
    "ndex": "#530",
    "name": "Excadrill",
    "type1": "Ground",
    "type2": "Steel",
    "URL": "https://bulbapedia.bulbagarden.net//wiki/Excadrill_%28Pok%C3%A9mon%29"
  },
  {
    "kdex": "#037",
    "ndex": "#531",
    "name": "Audino",
    "type1": "Normal",
    "URL": "https://bulbapedia.bulbagarden.net//wiki/Audino_%28Pok%C3%A9mon%29"
  },
  {
    "kdex": "#038",
    "ndex": "#532",
    "name": "Timburr",
    "type1": "Fighting",
    "URL": "https://bulbapedia.bulbagarden.net//wiki/Timburr_%28Pok%C3%A9mon%29"
  },
  {
    "kdex": "#039",
    "ndex": "#533",
    "name": "Gurdurr",
    "type1": "Fighting",
    "URL": "https://bulbapedia.bulbagarden.net//wiki/Gurdurr_%28Pok%C3%A9mon%29"
  },
  {
    "kdex": "#040",
    "ndex": "#534",
    "name": "Conkeldurr",
    "type1": "Fighting",
    "URL": "https://bulbapedia.bulbagarden.net//wiki/Conkeldurr_%28Pok%C3%A9mon%29"
  },
  {
    "kdex": "#041",
    "ndex": "#535",
    "name": "Tympole",
    "type1": "Water",
    "URL": "https://bulbapedia.bulbagarden.net//wiki/Tympole_%28Pok%C3%A9mon%29"
  },
  {
    "kdex": "#042",
    "ndex": "#536",
    "name": "Palpitoad",
    "type1": "Water",
    "type2": "Ground",
    "URL": "https://bulbapedia.bulbagarden.net//wiki/Palpitoad_%28Pok%C3%A9mon%29"
  },
  {
    "kdex": "#043",
    "ndex": "#537",
    "name": "Seismitoad",
    "type1": "Water",
    "type2": "Ground",
    "URL": "https://bulbapedia.bulbagarden.net//wiki/Seismitoad_%28Pok%C3%A9mon%29"
  },
  {
    "kdex": "#044",
    "ndex": "#538",
    "name": "Throh",
    "type1": "Fighting",
    "URL": "https://bulbapedia.bulbagarden.net//wiki/Throh_%28Pok%C3%A9mon%29"
  },
  {
    "kdex": "#045",
    "ndex": "#539",
    "name": "Sawk",
    "type1": "Fighting",
    "URL": "https://bulbapedia.bulbagarden.net//wiki/Sawk_%28Pok%C3%A9mon%29"
  },
  {
    "kdex": "#046",
    "ndex": "#540",
    "name": "Sewaddle",
    "type1": "Bug",
    "type2": "Grass",
    "URL": "https://bulbapedia.bulbagarden.net//wiki/Sewaddle_%28Pok%C3%A9mon%29"
  },
  {
    "kdex": "#047",
    "ndex": "#541",
    "name": "Swadloon",
    "type1": "Bug",
    "type2": "Grass",
    "URL": "https://bulbapedia.bulbagarden.net//wiki/Swadloon_%28Pok%C3%A9mon%29"
  },
  {
    "kdex": "#048",
    "ndex": "#542",
    "name": "Leavanny",
    "type1": "Bug",
    "type2": "Grass",
    "URL": "https://bulbapedia.bulbagarden.net//wiki/Leavanny_%28Pok%C3%A9mon%29"
  },
  {
    "kdex": "#049",
    "ndex": "#543",
    "name": "Venipede",
    "type1": "Bug",
    "type2": "Poison",
    "URL": "https://bulbapedia.bulbagarden.net//wiki/Venipede_%28Pok%C3%A9mon%29"
  },
  {
    "kdex": "#050",
    "ndex": "#544",
    "name": "Whirlipede",
    "type1": "Bug",
    "type2": "Poison",
    "URL": "https://bulbapedia.bulbagarden.net//wiki/Whirlipede_%28Pok%C3%A9mon%29"
  },
  {
    "kdex": "#051",
    "ndex": "#545",
    "name": "Scolipede",
    "type1": "Bug",
    "type2": "Poison",
    "URL": "https://bulbapedia.bulbagarden.net//wiki/Scolipede_%28Pok%C3%A9mon%29"
  },
  {
    "kdex": "#052",
    "ndex": "#546",
    "name": "Cottonee",
    "type1": "Grass",
    "type2": "Fairy",
    "URL": "https://bulbapedia.bulbagarden.net//wiki/Cottonee_%28Pok%C3%A9mon%29"
  },
  {
    "kdex": "#053",
    "ndex": "#547",
    "name": "Whimsicott",
    "type1": "Grass",
    "type2": "Fairy",
    "URL": "https://bulbapedia.bulbagarden.net//wiki/Whimsicott_%28Pok%C3%A9mon%29"
  },
  {
    "kdex": "#054",
    "ndex": "#548",
    "name": "Petilil",
    "type1": "Grass",
    "URL": "https://bulbapedia.bulbagarden.net//wiki/Petilil_%28Pok%C3%A9mon%29"
  },
  {
    "kdex": "#055",
    "ndex": "#549",
    "name": "Lilligant",
    "type1": "Grass",
    "URL": "https://bulbapedia.bulbagarden.net//wiki/Lilligant_%28Pok%C3%A9mon%29"
  },
  {
    "kdex": "#056",
    "ndex": "#550",
    "name": "Basculin",
    "type1": "Water",
    "URL": "https://bulbapedia.bulbagarden.net//wiki/Basculin_%28Pok%C3%A9mon%29"
  },
  {
    "kdex": "#056",
    "ndex": "#550",
    "name": "Basculin",
    "type1": "Water",
    "URL": "https://bulbapedia.bulbagarden.net//wiki/Basculin_%28Pok%C3%A9mon%29"
  },
  {
    "kdex": "#057",
    "ndex": "#551",
    "name": "Sandile",
    "type1": "Ground",
    "type2": "Dark",
    "URL": "https://bulbapedia.bulbagarden.net//wiki/Sandile_%28Pok%C3%A9mon%29"
  },
  {
    "kdex": "#058",
    "ndex": "#552",
    "name": "Krokorok",
    "type1": "Ground",
    "type2": "Dark",
    "URL": "https://bulbapedia.bulbagarden.net//wiki/Krokorok_%28Pok%C3%A9mon%29"
  },
  {
    "kdex": "#059",
    "ndex": "#553",
    "name": "Krookodile",
    "type1": "Ground",
    "type2": "Dark",
    "URL": "https://bulbapedia.bulbagarden.net//wiki/Krookodile_%28Pok%C3%A9mon%29"
  },
  {
    "kdex": "#060",
    "ndex": "#554",
    "name": "Darumaka",
    "type1": "Fire",
    "URL": "https://bulbapedia.bulbagarden.net//wiki/Darumaka_%28Pok%C3%A9mon%29"
  },
  {
    "kdex": "",
    "ndex": "#554",
    "name": "Darumaka",
    "type1": "Ice",
    "URL": "https://bulbapedia.bulbagarden.net//wiki/Darumaka_%28Pok%C3%A9mon%29"
  },
  {
    "kdex": "#061",
    "ndex": "#555",
    "name": "Darmanitan",
    "type1": "Fire",
    "URL": "https://bulbapedia.bulbagarden.net//wiki/Darmanitan_%28Pok%C3%A9mon%29"
  },
  {
    "kdex": "#061",
    "ndex": "#555",
    "name": "Darmanitan",
    "type1": "Fire",
    "type2": "Psychic",
    "URL": "https://bulbapedia.bulbagarden.net//wiki/Darmanitan_%28Pok%C3%A9mon%29"
  },
  {
    "kdex": "",
    "ndex": "#555",
    "name": "Darmanitan",
    "type1": "Ice",
    "URL": "https://bulbapedia.bulbagarden.net//wiki/Darmanitan_%28Pok%C3%A9mon%29"
  },
  {
    "kdex": "",
    "ndex": "#555",
    "name": "Darmanitan",
    "type1": "Ice",
    "type2": "Fire",
    "URL": "https://bulbapedia.bulbagarden.net//wiki/Darmanitan_%28Pok%C3%A9mon%29"
  },
  {
    "kdex": "#062",
    "ndex": "#556",
    "name": "Maractus",
    "type1": "Grass",
    "URL": "https://bulbapedia.bulbagarden.net//wiki/Maractus_%28Pok%C3%A9mon%29"
  },
  {
    "kdex": "#063",
    "ndex": "#557",
    "name": "Dwebble",
    "type1": "Bug",
    "type2": "Rock",
    "URL": "https://bulbapedia.bulbagarden.net//wiki/Dwebble_%28Pok%C3%A9mon%29"
  },
  {
    "kdex": "#064",
    "ndex": "#558",
    "name": "Crustle",
    "type1": "Bug",
    "type2": "Rock",
    "URL": "https://bulbapedia.bulbagarden.net//wiki/Crustle_%28Pok%C3%A9mon%29"
  },
  {
    "kdex": "#065",
    "ndex": "#559",
    "name": "Scraggy",
    "type1": "Dark",
    "type2": "Fighting",
    "URL": "https://bulbapedia.bulbagarden.net//wiki/Scraggy_%28Pok%C3%A9mon%29"
  },
  {
    "kdex": "#066",
    "ndex": "#560",
    "name": "Scrafty",
    "type1": "Dark",
    "type2": "Fighting",
    "URL": "https://bulbapedia.bulbagarden.net//wiki/Scrafty_%28Pok%C3%A9mon%29"
  },
  {
    "kdex": "#067",
    "ndex": "#561",
    "name": "Sigilyph",
    "type1": "Psychic",
    "type2": "Flying",
    "URL": "https://bulbapedia.bulbagarden.net//wiki/Sigilyph_%28Pok%C3%A9mon%29"
  },
  {
    "kdex": "#068",
    "ndex": "#562",
    "name": "Yamask",
    "type1": "Ghost",
    "URL": "https://bulbapedia.bulbagarden.net//wiki/Yamask_%28Pok%C3%A9mon%29"
  },
  {
    "kdex": "",
    "ndex": "#562",
    "name": "Yamask",
    "type1": "Ground",
    "type2": "Ghost",
    "URL": "https://bulbapedia.bulbagarden.net//wiki/Yamask_%28Pok%C3%A9mon%29"
  },
  {
    "kdex": "#069",
    "ndex": "#563",
    "name": "Cofagrigus",
    "type1": "Ghost",
    "URL": "https://bulbapedia.bulbagarden.net//wiki/Cofagrigus_%28Pok%C3%A9mon%29"
  },
  {
    "kdex": "#070",
    "ndex": "#564",
    "name": "Tirtouga",
    "type1": "Water",
    "type2": "Rock",
    "URL": "https://bulbapedia.bulbagarden.net//wiki/Tirtouga_%28Pok%C3%A9mon%29"
  },
  {
    "kdex": "#071",
    "ndex": "#565",
    "name": "Carracosta",
    "type1": "Water",
    "type2": "Rock",
    "URL": "https://bulbapedia.bulbagarden.net//wiki/Carracosta_%28Pok%C3%A9mon%29"
  },
  {
    "kdex": "#072",
    "ndex": "#566",
    "name": "Archen",
    "type1": "Rock",
    "type2": "Flying",
    "URL": "https://bulbapedia.bulbagarden.net//wiki/Archen_%28Pok%C3%A9mon%29"
  },
  {
    "kdex": "#073",
    "ndex": "#567",
    "name": "Archeops",
    "type1": "Rock",
    "type2": "Flying",
    "URL": "https://bulbapedia.bulbagarden.net//wiki/Archeops_%28Pok%C3%A9mon%29"
  },
  {
    "kdex": "#074",
    "ndex": "#568",
    "name": "Trubbish",
    "type1": "Poison",
    "URL": "https://bulbapedia.bulbagarden.net//wiki/Trubbish_%28Pok%C3%A9mon%29"
  },
  {
    "kdex": "#075",
    "ndex": "#569",
    "name": "Garbodor",
    "type1": "Poison",
    "URL": "https://bulbapedia.bulbagarden.net//wiki/Garbodor_%28Pok%C3%A9mon%29"
  },
  {
    "kdex": "#076",
    "ndex": "#570",
    "name": "Zorua",
    "type1": "Dark",
    "URL": "https://bulbapedia.bulbagarden.net//wiki/Zorua_%28Pok%C3%A9mon%29"
  },
  {
    "kdex": "#077",
    "ndex": "#571",
    "name": "Zoroark",
    "type1": "Dark",
    "URL": "https://bulbapedia.bulbagarden.net//wiki/Zoroark_%28Pok%C3%A9mon%29"
  },
  {
    "kdex": "#078",
    "ndex": "#572",
    "name": "Minccino",
    "type1": "Normal",
    "URL": "https://bulbapedia.bulbagarden.net//wiki/Minccino_%28Pok%C3%A9mon%29"
  },
  {
    "kdex": "#079",
    "ndex": "#573",
    "name": "Cinccino",
    "type1": "Normal",
    "URL": "https://bulbapedia.bulbagarden.net//wiki/Cinccino_%28Pok%C3%A9mon%29"
  },
  {
    "kdex": "#080",
    "ndex": "#574",
    "name": "Gothita",
    "type1": "Psychic",
    "URL": "https://bulbapedia.bulbagarden.net//wiki/Gothita_%28Pok%C3%A9mon%29"
  },
  {
    "kdex": "#081",
    "ndex": "#575",
    "name": "Gothorita",
    "type1": "Psychic",
    "URL": "https://bulbapedia.bulbagarden.net//wiki/Gothorita_%28Pok%C3%A9mon%29"
  },
  {
    "kdex": "#082",
    "ndex": "#576",
    "name": "Gothitelle",
    "type1": "Psychic",
    "URL": "https://bulbapedia.bulbagarden.net//wiki/Gothitelle_%28Pok%C3%A9mon%29"
  },
  {
    "kdex": "#083",
    "ndex": "#577",
    "name": "Solosis",
    "type1": "Psychic",
    "URL": "https://bulbapedia.bulbagarden.net//wiki/Solosis_%28Pok%C3%A9mon%29"
  },
  {
    "kdex": "#084",
    "ndex": "#578",
    "name": "Duosion",
    "type1": "Psychic",
    "URL": "https://bulbapedia.bulbagarden.net//wiki/Duosion_%28Pok%C3%A9mon%29"
  },
  {
    "kdex": "#085",
    "ndex": "#579",
    "name": "Reuniclus",
    "type1": "Psychic",
    "URL": "https://bulbapedia.bulbagarden.net//wiki/Reuniclus_%28Pok%C3%A9mon%29"
  },
  {
    "kdex": "#086",
    "ndex": "#580",
    "name": "Ducklett",
    "type1": "Water",
    "type2": "Flying",
    "URL": "https://bulbapedia.bulbagarden.net//wiki/Ducklett_%28Pok%C3%A9mon%29"
  },
  {
    "kdex": "#087",
    "ndex": "#581",
    "name": "Swanna",
    "type1": "Water",
    "type2": "Flying",
    "URL": "https://bulbapedia.bulbagarden.net//wiki/Swanna_%28Pok%C3%A9mon%29"
  },
  {
    "kdex": "#088",
    "ndex": "#582",
    "name": "Vanillite",
    "type1": "Ice",
    "URL": "https://bulbapedia.bulbagarden.net//wiki/Vanillite_%28Pok%C3%A9mon%29"
  },
  {
    "kdex": "#089",
    "ndex": "#583",
    "name": "Vanillish",
    "type1": "Ice",
    "URL": "https://bulbapedia.bulbagarden.net//wiki/Vanillish_%28Pok%C3%A9mon%29"
  },
  {
    "kdex": "#090",
    "ndex": "#584",
    "name": "Vanilluxe",
    "type1": "Ice",
    "URL": "https://bulbapedia.bulbagarden.net//wiki/Vanilluxe_%28Pok%C3%A9mon%29"
  },
  {
    "kdex": "#091",
    "ndex": "#585",
    "name": "Deerling",
    "type1": "Normal",
    "type2": "Grass",
    "URL": "https://bulbapedia.bulbagarden.net//wiki/Deerling_%28Pok%C3%A9mon%29"
  },
  {
    "kdex": "#092",
    "ndex": "#586",
    "name": "Sawsbuck",
    "type1": "Normal",
    "type2": "Grass",
    "URL": "https://bulbapedia.bulbagarden.net//wiki/Sawsbuck_%28Pok%C3%A9mon%29"
  },
  {
    "kdex": "#093",
    "ndex": "#587",
    "name": "Emolga",
    "type1": "Electric",
    "type2": "Flying",
    "URL": "https://bulbapedia.bulbagarden.net//wiki/Emolga_%28Pok%C3%A9mon%29"
  },
  {
    "kdex": "#094",
    "ndex": "#588",
    "name": "Karrablast",
    "type1": "Bug",
    "URL": "https://bulbapedia.bulbagarden.net//wiki/Karrablast_%28Pok%C3%A9mon%29"
  },
  {
    "kdex": "#095",
    "ndex": "#589",
    "name": "Escavalier",
    "type1": "Bug",
    "type2": "Steel",
    "URL": "https://bulbapedia.bulbagarden.net//wiki/Escavalier_%28Pok%C3%A9mon%29"
  },
  {
    "kdex": "#096",
    "ndex": "#590",
    "name": "Foongus",
    "type1": "Grass",
    "type2": "Poison",
    "URL": "https://bulbapedia.bulbagarden.net//wiki/Foongus_%28Pok%C3%A9mon%29"
  },
  {
    "kdex": "#097",
    "ndex": "#591",
    "name": "Amoonguss",
    "type1": "Grass",
    "type2": "Poison",
    "URL": "https://bulbapedia.bulbagarden.net//wiki/Amoonguss_%28Pok%C3%A9mon%29"
  },
  {
    "kdex": "#098",
    "ndex": "#592",
    "name": "Frillish",
    "type1": "Water",
    "type2": "Ghost",
    "URL": "https://bulbapedia.bulbagarden.net//wiki/Frillish_%28Pok%C3%A9mon%29"
  },
  {
    "kdex": "#098",
    "ndex": "#592",
    "name": "Frillish",
    "type1": "Water",
    "type2": "Ghost",
    "URL": "https://bulbapedia.bulbagarden.net//wiki/Frillish_%28Pok%C3%A9mon%29"
  },
  {
    "kdex": "#099",
    "ndex": "#593",
    "name": "Jellicent",
    "type1": "Water",
    "type2": "Ghost",
    "URL": "https://bulbapedia.bulbagarden.net//wiki/Jellicent_%28Pok%C3%A9mon%29"
  },
  {
    "kdex": "#099",
    "ndex": "#593",
    "name": "Jellicent",
    "type1": "Water",
    "type2": "Ghost",
    "URL": "https://bulbapedia.bulbagarden.net//wiki/Jellicent_%28Pok%C3%A9mon%29"
  },
  {
    "kdex": "#100",
    "ndex": "#594",
    "name": "Alomomola",
    "type1": "Water",
    "URL": "https://bulbapedia.bulbagarden.net//wiki/Alomomola_%28Pok%C3%A9mon%29"
  },
  {
    "kdex": "#101",
    "ndex": "#595",
    "name": "Joltik",
    "type1": "Bug",
    "type2": "Electric",
    "URL": "https://bulbapedia.bulbagarden.net//wiki/Joltik_%28Pok%C3%A9mon%29"
  },
  {
    "kdex": "#102",
    "ndex": "#596",
    "name": "Galvantula",
    "type1": "Bug",
    "type2": "Electric",
    "URL": "https://bulbapedia.bulbagarden.net//wiki/Galvantula_%28Pok%C3%A9mon%29"
  },
  {
    "kdex": "#103",
    "ndex": "#597",
    "name": "Ferroseed",
    "type1": "Grass",
    "type2": "Steel",
    "URL": "https://bulbapedia.bulbagarden.net//wiki/Ferroseed_%28Pok%C3%A9mon%29"
  },
  {
    "kdex": "#104",
    "ndex": "#598",
    "name": "Ferrothorn",
    "type1": "Grass",
    "type2": "Steel",
    "URL": "https://bulbapedia.bulbagarden.net//wiki/Ferrothorn_%28Pok%C3%A9mon%29"
  },
  {
    "kdex": "#105",
    "ndex": "#599",
    "name": "Klink",
    "type1": "Steel",
    "URL": "https://bulbapedia.bulbagarden.net//wiki/Klink_%28Pok%C3%A9mon%29"
  },
  {
    "kdex": "#106",
    "ndex": "#600",
    "name": "Klang",
    "type1": "Steel",
    "URL": "https://bulbapedia.bulbagarden.net//wiki/Klang_%28Pok%C3%A9mon%29"
  },
  {
    "kdex": "#107",
    "ndex": "#601",
    "name": "Klinklang",
    "type1": "Steel",
    "URL": "https://bulbapedia.bulbagarden.net//wiki/Klinklang_%28Pok%C3%A9mon%29"
  },
  {
    "kdex": "#108",
    "ndex": "#602",
    "name": "Tynamo",
    "type1": "Electric",
    "URL": "https://bulbapedia.bulbagarden.net//wiki/Tynamo_%28Pok%C3%A9mon%29"
  },
  {
    "kdex": "#109",
    "ndex": "#603",
    "name": "Eelektrik",
    "type1": "Electric",
    "URL": "https://bulbapedia.bulbagarden.net//wiki/Eelektrik_%28Pok%C3%A9mon%29"
  },
  {
    "kdex": "#110",
    "ndex": "#604",
    "name": "Eelektross",
    "type1": "Electric",
    "URL": "https://bulbapedia.bulbagarden.net//wiki/Eelektross_%28Pok%C3%A9mon%29"
  },
  {
    "kdex": "#111",
    "ndex": "#605",
    "name": "Elgyem",
    "type1": "Psychic",
    "URL": "https://bulbapedia.bulbagarden.net//wiki/Elgyem_%28Pok%C3%A9mon%29"
  },
  {
    "kdex": "#112",
    "ndex": "#606",
    "name": "Beheeyem",
    "type1": "Psychic",
    "URL": "https://bulbapedia.bulbagarden.net//wiki/Beheeyem_%28Pok%C3%A9mon%29"
  },
  {
    "kdex": "#113",
    "ndex": "#607",
    "name": "Litwick",
    "type1": "Ghost",
    "type2": "Fire",
    "URL": "https://bulbapedia.bulbagarden.net//wiki/Litwick_%28Pok%C3%A9mon%29"
  },
  {
    "kdex": "#114",
    "ndex": "#608",
    "name": "Lampent",
    "type1": "Ghost",
    "type2": "Fire",
    "URL": "https://bulbapedia.bulbagarden.net//wiki/Lampent_%28Pok%C3%A9mon%29"
  },
  {
    "kdex": "#115",
    "ndex": "#609",
    "name": "Chandelure",
    "type1": "Ghost",
    "type2": "Fire",
    "URL": "https://bulbapedia.bulbagarden.net//wiki/Chandelure_%28Pok%C3%A9mon%29"
  },
  {
    "kdex": "#116",
    "ndex": "#610",
    "name": "Axew",
    "type1": "Dragon",
    "URL": "https://bulbapedia.bulbagarden.net//wiki/Axew_%28Pok%C3%A9mon%29"
  },
  {
    "kdex": "#117",
    "ndex": "#611",
    "name": "Fraxure",
    "type1": "Dragon",
    "URL": "https://bulbapedia.bulbagarden.net//wiki/Fraxure_%28Pok%C3%A9mon%29"
  },
  {
    "kdex": "#118",
    "ndex": "#612",
    "name": "Haxorus",
    "type1": "Dragon",
    "URL": "https://bulbapedia.bulbagarden.net//wiki/Haxorus_%28Pok%C3%A9mon%29"
  },
  {
    "kdex": "#119",
    "ndex": "#613",
    "name": "Cubchoo",
    "type1": "Ice",
    "URL": "https://bulbapedia.bulbagarden.net//wiki/Cubchoo_%28Pok%C3%A9mon%29"
  },
  {
    "kdex": "#120",
    "ndex": "#614",
    "name": "Beartic",
    "type1": "Ice",
    "URL": "https://bulbapedia.bulbagarden.net//wiki/Beartic_%28Pok%C3%A9mon%29"
  },
  {
    "kdex": "#121",
    "ndex": "#615",
    "name": "Cryogonal",
    "type1": "Ice",
    "URL": "https://bulbapedia.bulbagarden.net//wiki/Cryogonal_%28Pok%C3%A9mon%29"
  },
  {
    "kdex": "#122",
    "ndex": "#616",
    "name": "Shelmet",
    "type1": "Bug",
    "URL": "https://bulbapedia.bulbagarden.net//wiki/Shelmet_%28Pok%C3%A9mon%29"
  },
  {
    "kdex": "#123",
    "ndex": "#617",
    "name": "Accelgor",
    "type1": "Bug",
    "URL": "https://bulbapedia.bulbagarden.net//wiki/Accelgor_%28Pok%C3%A9mon%29"
  },
  {
    "kdex": "#124",
    "ndex": "#618",
    "name": "Stunfisk",
    "type1": "Ground",
    "type2": "Electric",
    "URL": "https://bulbapedia.bulbagarden.net//wiki/Stunfisk_%28Pok%C3%A9mon%29"
  },
  {
    "kdex": "",
    "ndex": "#618",
    "name": "Stunfisk",
    "type1": "Ground",
    "type2": "Steel",
    "URL": "https://bulbapedia.bulbagarden.net//wiki/Stunfisk_%28Pok%C3%A9mon%29"
  },
  {
    "kdex": "#125",
    "ndex": "#619",
    "name": "Mienfoo",
    "type1": "Fighting",
    "URL": "https://bulbapedia.bulbagarden.net//wiki/Mienfoo_%28Pok%C3%A9mon%29"
  },
  {
    "kdex": "#126",
    "ndex": "#620",
    "name": "Mienshao",
    "type1": "Fighting",
    "URL": "https://bulbapedia.bulbagarden.net//wiki/Mienshao_%28Pok%C3%A9mon%29"
  },
  {
    "kdex": "#127",
    "ndex": "#621",
    "name": "Druddigon",
    "type1": "Dragon",
    "URL": "https://bulbapedia.bulbagarden.net//wiki/Druddigon_%28Pok%C3%A9mon%29"
  },
  {
    "kdex": "#128",
    "ndex": "#622",
    "name": "Golett",
    "type1": "Ground",
    "type2": "Ghost",
    "URL": "https://bulbapedia.bulbagarden.net//wiki/Golett_%28Pok%C3%A9mon%29"
  },
  {
    "kdex": "#129",
    "ndex": "#623",
    "name": "Golurk",
    "type1": "Ground",
    "type2": "Ghost",
    "URL": "https://bulbapedia.bulbagarden.net//wiki/Golurk_%28Pok%C3%A9mon%29"
  },
  {
    "kdex": "#130",
    "ndex": "#624",
    "name": "Pawniard",
    "type1": "Dark",
    "type2": "Steel",
    "URL": "https://bulbapedia.bulbagarden.net//wiki/Pawniard_%28Pok%C3%A9mon%29"
  },
  {
    "kdex": "#131",
    "ndex": "#625",
    "name": "Bisharp",
    "type1": "Dark",
    "type2": "Steel",
    "URL": "https://bulbapedia.bulbagarden.net//wiki/Bisharp_%28Pok%C3%A9mon%29"
  },
  {
    "kdex": "#132",
    "ndex": "#626",
    "name": "Bouffalant",
    "type1": "Normal",
    "URL": "https://bulbapedia.bulbagarden.net//wiki/Bouffalant_%28Pok%C3%A9mon%29"
  },
  {
    "kdex": "#133",
    "ndex": "#627",
    "name": "Rufflet",
    "type1": "Normal",
    "type2": "Flying",
    "URL": "https://bulbapedia.bulbagarden.net//wiki/Rufflet_%28Pok%C3%A9mon%29"
  },
  {
    "kdex": "#134",
    "ndex": "#628",
    "name": "Braviary",
    "type1": "Normal",
    "type2": "Flying",
    "URL": "https://bulbapedia.bulbagarden.net//wiki/Braviary_%28Pok%C3%A9mon%29"
  },
  {
    "kdex": "#135",
    "ndex": "#629",
    "name": "Vullaby",
    "type1": "Dark",
    "type2": "Flying",
    "URL": "https://bulbapedia.bulbagarden.net//wiki/Vullaby_%28Pok%C3%A9mon%29"
  },
  {
    "kdex": "#136",
    "ndex": "#630",
    "name": "Mandibuzz",
    "type1": "Dark",
    "type2": "Flying",
    "URL": "https://bulbapedia.bulbagarden.net//wiki/Mandibuzz_%28Pok%C3%A9mon%29"
  },
  {
    "kdex": "#137",
    "ndex": "#631",
    "name": "Heatmor",
    "type1": "Fire",
    "URL": "https://bulbapedia.bulbagarden.net//wiki/Heatmor_%28Pok%C3%A9mon%29"
  },
  {
    "kdex": "#138",
    "ndex": "#632",
    "name": "Durant",
    "type1": "Bug",
    "type2": "Steel",
    "URL": "https://bulbapedia.bulbagarden.net//wiki/Durant_%28Pok%C3%A9mon%29"
  },
  {
    "kdex": "#139",
    "ndex": "#633",
    "name": "Deino",
    "type1": "Dark",
    "type2": "Dragon",
    "URL": "https://bulbapedia.bulbagarden.net//wiki/Deino_%28Pok%C3%A9mon%29"
  },
  {
    "kdex": "#140",
    "ndex": "#634",
    "name": "Zweilous",
    "type1": "Dark",
    "type2": "Dragon",
    "URL": "https://bulbapedia.bulbagarden.net//wiki/Zweilous_%28Pok%C3%A9mon%29"
  },
  {
    "kdex": "#141",
    "ndex": "#635",
    "name": "Hydreigon",
    "type1": "Dark",
    "type2": "Dragon",
    "URL": "https://bulbapedia.bulbagarden.net//wiki/Hydreigon_%28Pok%C3%A9mon%29"
  },
  {
    "kdex": "#142",
    "ndex": "#636",
    "name": "Larvesta",
    "type1": "Bug",
    "type2": "Fire",
    "URL": "https://bulbapedia.bulbagarden.net//wiki/Larvesta_%28Pok%C3%A9mon%29"
  },
  {
    "kdex": "#143",
    "ndex": "#637",
    "name": "Volcarona",
    "type1": "Bug",
    "type2": "Fire",
    "URL": "https://bulbapedia.bulbagarden.net//wiki/Volcarona_%28Pok%C3%A9mon%29"
  },
  {
    "kdex": "#144",
    "ndex": "#638",
    "name": "Cobalion",
    "type1": "Steel",
    "type2": "Fighting",
    "URL": "https://bulbapedia.bulbagarden.net//wiki/Cobalion_%28Pok%C3%A9mon%29"
  },
  {
    "kdex": "#145",
    "ndex": "#639",
    "name": "Terrakion",
    "type1": "Rock",
    "type2": "Fighting",
    "URL": "https://bulbapedia.bulbagarden.net//wiki/Terrakion_%28Pok%C3%A9mon%29"
  },
  {
    "kdex": "#146",
    "ndex": "#640",
    "name": "Virizion",
    "type1": "Grass",
    "type2": "Fighting",
    "URL": "https://bulbapedia.bulbagarden.net//wiki/Virizion_%28Pok%C3%A9mon%29"
  },
  {
    "kdex": "#147",
    "ndex": "#641",
    "name": "Tornadus",
    "type1": "Flying",
    "URL": "https://bulbapedia.bulbagarden.net//wiki/Tornadus_%28Pok%C3%A9mon%29"
  },
  {
    "kdex": "#148",
    "ndex": "#642",
    "name": "Thundurus",
    "type1": "Electric",
    "type2": "Flying",
    "URL": "https://bulbapedia.bulbagarden.net//wiki/Thundurus_%28Pok%C3%A9mon%29"
  },
  {
    "kdex": "#149",
    "ndex": "#643",
    "name": "Reshiram",
    "type1": "Dragon",
    "type2": "Fire",
    "URL": "https://bulbapedia.bulbagarden.net//wiki/Reshiram_%28Pok%C3%A9mon%29"
  },
  {
    "kdex": "#150",
    "ndex": "#644",
    "name": "Zekrom",
    "type1": "Dragon",
    "type2": "Electric",
    "URL": "https://bulbapedia.bulbagarden.net//wiki/Zekrom_%28Pok%C3%A9mon%29"
  },
  {
    "kdex": "#151",
    "ndex": "#645",
    "name": "Landorus",
    "type1": "Ground",
    "type2": "Flying",
    "URL": "https://bulbapedia.bulbagarden.net//wiki/Landorus_%28Pok%C3%A9mon%29"
  },
  {
    "kdex": "#152",
    "ndex": "#646",
    "name": "Kyurem",
    "type1": "Dragon",
    "type2": "Ice",
    "URL": "https://bulbapedia.bulbagarden.net//wiki/Kyurem_%28Pok%C3%A9mon%29"
  },
  {
    "kdex": "#153",
    "ndex": "#647",
    "name": "Keldeo",
    "type1": "Water",
    "type2": "Fighting",
    "URL": "https://bulbapedia.bulbagarden.net//wiki/Keldeo_%28Pok%C3%A9mon%29"
  },
  {
    "kdex": "#154",
    "ndex": "#648",
    "name": "Meloetta",
    "type1": "Normal",
    "type2": "Psychic",
    "URL": "https://bulbapedia.bulbagarden.net//wiki/Meloetta_%28Pok%C3%A9mon%29"
  },
  {
    "kdex": "#154",
    "ndex": "#648",
    "name": "Meloetta",
    "type1": "Normal",
    "type2": "Fighting",
    "URL": "https://bulbapedia.bulbagarden.net//wiki/Meloetta_%28Pok%C3%A9mon%29"
  },
  {
    "kdex": "#155",
    "ndex": "#649",
    "name": "Genesect",
    "type1": "Bug",
    "type2": "Steel",
    "URL": "https://bulbapedia.bulbagarden.net//wiki/Genesect_%28Pok%C3%A9mon%29"
  }
]
