[
  {
    "kdex": "#001Ce",
    "ndex": "#650",
    "name": "Chespin",
    "type1": "Grass",
    "URL": "https://bulbapedia.bulbagarden.net//wiki/Chespin_%28Pok%C3%A9mon%29"
  },
  {
    "kdex": "#002Ce",
    "ndex": "#651",
    "name": "Quilladin",
    "type1": "Grass",
    "URL": "https://bulbapedia.bulbagarden.net//wiki/Quilladin_%28Pok%C3%A9mon%29"
  },
  {
    "kdex": "#003Ce",
    "ndex": "#652",
    "name": "Chesnaught",
    "type1": "Grass",
    "type2": "Fighting",
    "URL": "https://bulbapedia.bulbagarden.net//wiki/Chesnaught_%28Pok%C3%A9mon%29"
  },
  {
    "kdex": "#004Ce",
    "ndex": "#653",
    "name": "Fennekin",
    "type1": "Fire",
    "URL": "https://bulbapedia.bulbagarden.net//wiki/Fennekin_%28Pok%C3%A9mon%29"
  },
  {
    "kdex": "#005Ce",
    "ndex": "#654",
    "name": "Braixen",
    "type1": "Fire",
    "URL": "https://bulbapedia.bulbagarden.net//wiki/Braixen_%28Pok%C3%A9mon%29"
  },
  {
    "kdex": "#006Ce",
    "ndex": "#655",
    "name": "Delphox",
    "type1": "Fire",
    "type2": "Psychic",
    "URL": "https://bulbapedia.bulbagarden.net//wiki/Delphox_%28Pok%C3%A9mon%29"
  },
  {
    "kdex": "#007Ce",
    "ndex": "#656",
    "name": "Froakie",
    "type1": "Water",
    "URL": "https://bulbapedia.bulbagarden.net//wiki/Froakie_%28Pok%C3%A9mon%29"
  },
  {
    "kdex": "#008Ce",
    "ndex": "#657",
    "name": "Frogadier",
    "type1": "Water",
    "URL": "https://bulbapedia.bulbagarden.net//wiki/Frogadier_%28Pok%C3%A9mon%29"
  },
  {
    "kdex": "#009Ce",
    "ndex": "#658",
    "name": "Greninja",
    "type1": "Water",
    "type2": "Dark",
    "URL": "https://bulbapedia.bulbagarden.net//wiki/Greninja_%28Pok%C3%A9mon%29"
  },
  {
    "kdex": "#010Ce",
    "ndex": "#659",
    "name": "Bunnelby",
    "type1": "Normal",
    "URL": "https://bulbapedia.bulbagarden.net//wiki/Bunnelby_%28Pok%C3%A9mon%29"
  },
  {
    "kdex": "#011Ce",
    "ndex": "#660",
    "name": "Diggersby",
    "type1": "Normal",
    "type2": "Ground",
    "URL": "https://bulbapedia.bulbagarden.net//wiki/Diggersby_%28Pok%C3%A9mon%29"
  },
  {
    "kdex": "#014Ce",
    "ndex": "#661",
    "name": "Fletchling",
    "type1": "Normal",
    "type2": "Flying",
    "URL": "https://bulbapedia.bulbagarden.net//wiki/Fletchling_%28Pok%C3%A9mon%29"
  },
  {
    "kdex": "#015Ce",
    "ndex": "#662",
    "name": "Fletchinder",
    "type1": "Fire",
    "type2": "Flying",
    "URL": "https://bulbapedia.bulbagarden.net//wiki/Fletchinder_%28Pok%C3%A9mon%29"
  },
  {
    "kdex": "#016Ce",
    "ndex": "#663",
    "name": "Talonflame",
    "type1": "Fire",
    "type2": "Flying",
    "URL": "https://bulbapedia.bulbagarden.net//wiki/Talonflame_%28Pok%C3%A9mon%29"
  },
  {
    "kdex": "#020Ce",
    "ndex": "#664",
    "name": "Scatterbug",
    "type1": "Bug",
    "URL": "https://bulbapedia.bulbagarden.net//wiki/Scatterbug_%28Pok%C3%A9mon%29"
  },
  {
    "kdex": "#021Ce",
    "ndex": "#665",
    "name": "Spewpa",
    "type1": "Bug",
    "URL": "https://bulbapedia.bulbagarden.net//wiki/Spewpa_%28Pok%C3%A9mon%29"
  },
  {
    "kdex": "#022Ce",
    "ndex": "#666",
    "name": "Vivillon",
    "type1": "Bug",
    "type2": "Flying",
    "URL": "https://bulbapedia.bulbagarden.net//wiki/Vivillon_%28Pok%C3%A9mon%29"
  },
  {
    "kdex": "#057Ce",
    "ndex": "#667",
    "name": "Litleo",
    "type1": "Fire",
    "type2": "Normal",
    "URL": "https://bulbapedia.bulbagarden.net//wiki/Litleo_%28Pok%C3%A9mon%29"
  },
  {
    "kdex": "#058Ce",
    "ndex": "#668",
    "name": "Pyroar",
    "type1": "Fire",
    "type2": "Normal",
    "URL": "https://bulbapedia.bulbagarden.net//wiki/Pyroar_%28Pok%C3%A9mon%29"
  },
  {
    "kdex": "#068Ce",
    "ndex": "#669",
    "name": "Flab\u00e9b\u00e9",
    "type1": "Fairy",
    "URL": "https://bulbapedia.bulbagarden.net//wiki/Flab%C3%A9b%C3%A9_%28Pok%C3%A9mon%29"
  },
  {
    "kdex": "#069Ce",
    "ndex": "#670",
    "name": "Floette",
    "type1": "Fairy",
    "URL": "https://bulbapedia.bulbagarden.net//wiki/Floette_%28Pok%C3%A9mon%29"
  },
  {
    "kdex": "#070Ce",
    "ndex": "#671",
    "name": "Florges",
    "type1": "Fairy",
    "URL": "https://bulbapedia.bulbagarden.net//wiki/Florges_%28Pok%C3%A9mon%29"
  },
  {
    "kdex": "#089Ce",
    "ndex": "#672",
    "name": "Skiddo",
    "type1": "Grass",
    "URL": "https://bulbapedia.bulbagarden.net//wiki/Skiddo_%28Pok%C3%A9mon%29"
  },
  {
    "kdex": "#090Ce",
    "ndex": "#673",
    "name": "Gogoat",
    "type1": "Grass",
    "URL": "https://bulbapedia.bulbagarden.net//wiki/Gogoat_%28Pok%C3%A9mon%29"
  },
  {
    "kdex": "#091Ce",
    "ndex": "#674",
    "name": "Pancham",
    "type1": "Fighting",
    "URL": "https://bulbapedia.bulbagarden.net//wiki/Pancham_%28Pok%C3%A9mon%29"
  },
  {
    "kdex": "#092Ce",
    "ndex": "#675",
    "name": "Pangoro",
    "type1": "Fighting",
    "type2": "Dark",
    "URL": "https://bulbapedia.bulbagarden.net//wiki/Pangoro_%28Pok%C3%A9mon%29"
  },
  {
    "kdex": "#093Ce",
    "ndex": "#676",
    "name": "Furfrou",
    "type1": "Normal",
    "URL": "https://bulbapedia.bulbagarden.net//wiki/Furfrou_%28Pok%C3%A9mon%29"
  },
  {
    "kdex": "#114Ce",
    "ndex": "#677",
    "name": "Espurr",
    "type1": "Psychic",
    "URL": "https://bulbapedia.bulbagarden.net//wiki/Espurr_%28Pok%C3%A9mon%29"
  },
  {
    "kdex": "#115Ce",
    "ndex": "#678",
    "name": "Meowstic",
    "type1": "Psychic",
    "URL": "https://bulbapedia.bulbagarden.net//wiki/Meowstic_%28Pok%C3%A9mon%29"
  },
  {
    "kdex": "#117Ce",
    "ndex": "#679",
    "name": "Honedge",
    "type1": "Steel",
    "type2": "Ghost",
    "URL": "https://bulbapedia.bulbagarden.net//wiki/Honedge_%28Pok%C3%A9mon%29"
  },
  {
    "kdex": "#118Ce",
    "ndex": "#680",
    "name": "Doublade",
    "type1": "Steel",
    "type2": "Ghost",
    "URL": "https://bulbapedia.bulbagarden.net//wiki/Doublade_%28Pok%C3%A9mon%29"
  },
  {
    "kdex": "#119Ce",
    "ndex": "#681",
    "name": "Aegislash",
    "type1": "Steel",
    "type2": "Ghost",
    "URL": "https://bulbapedia.bulbagarden.net//wiki/Aegislash_%28Pok%C3%A9mon%29"
  },
  {
    "kdex": "#129Ce",
    "ndex": "#682",
    "name": "Spritzee",
    "type1": "Fairy",
    "URL": "https://bulbapedia.bulbagarden.net//wiki/Spritzee_%28Pok%C3%A9mon%29"
  },
  {
    "kdex": "#130Ce",
    "ndex": "#683",
    "name": "Aromatisse",
    "type1": "Fairy",
    "URL": "https://bulbapedia.bulbagarden.net//wiki/Aromatisse_%28Pok%C3%A9mon%29"
  },
  {
    "kdex": "#131Ce",
    "ndex": "#684",
    "name": "Swirlix",
    "type1": "Fairy",
    "URL": "https://bulbapedia.bulbagarden.net//wiki/Swirlix_%28Pok%C3%A9mon%29"
  },
  {
    "kdex": "#132Ce",
    "ndex": "#685",
    "name": "Slurpuff",
    "type1": "Fairy",
    "URL": "https://bulbapedia.bulbagarden.net//wiki/Slurpuff_%28Pok%C3%A9mon%29"
  },
  {
    "kdex": "#010Co",
    "ndex": "#686",
    "name": "Inkay",
    "type1": "Dark",
    "type2": "Psychic",
    "URL": "https://bulbapedia.bulbagarden.net//wiki/Inkay_%28Pok%C3%A9mon%29"
  },
  {
    "kdex": "#011Co",
    "ndex": "#687",
    "name": "Malamar",
    "type1": "Dark",
    "type2": "Psychic",
    "URL": "https://bulbapedia.bulbagarden.net//wiki/Malamar_%28Pok%C3%A9mon%29"
  },
  {
    "kdex": "#021Co",
    "ndex": "#688",
    "name": "Binacle",
    "type1": "Rock",
    "type2": "Water",
    "URL": "https://bulbapedia.bulbagarden.net//wiki/Binacle_%28Pok%C3%A9mon%29"
  },
  {
    "kdex": "#022Co",
    "ndex": "#689",
    "name": "Barbaracle",
    "type1": "Rock",
    "type2": "Water",
    "URL": "https://bulbapedia.bulbagarden.net//wiki/Barbaracle_%28Pok%C3%A9mon%29"
  },
  {
    "kdex": "#030Co",
    "ndex": "#690",
    "name": "Skrelp",
    "type1": "Poison",
    "type2": "Water",
    "URL": "https://bulbapedia.bulbagarden.net//wiki/Skrelp_%28Pok%C3%A9mon%29"
  },
  {
    "kdex": "#031Co",
    "ndex": "#691",
    "name": "Dragalge",
    "type1": "Poison",
    "type2": "Dragon",
    "URL": "https://bulbapedia.bulbagarden.net//wiki/Dragalge_%28Pok%C3%A9mon%29"
  },
  {
    "kdex": "#032Co",
    "ndex": "#692",
    "name": "Clauncher",
    "type1": "Water",
    "URL": "https://bulbapedia.bulbagarden.net//wiki/Clauncher_%28Pok%C3%A9mon%29"
  },
  {
    "kdex": "#033Co",
    "ndex": "#693",
    "name": "Clawitzer",
    "type1": "Water",
    "URL": "https://bulbapedia.bulbagarden.net//wiki/Clawitzer_%28Pok%C3%A9mon%29"
  },
  {
    "kdex": "#046Co",
    "ndex": "#694",
    "name": "Helioptile",
    "type1": "Electric",
    "type2": "Normal",
    "URL": "https://bulbapedia.bulbagarden.net//wiki/Helioptile_%28Pok%C3%A9mon%29"
  },
  {
    "kdex": "#047Co",
    "ndex": "#695",
    "name": "Heliolisk",
    "type1": "Electric",
    "type2": "Normal",
    "URL": "https://bulbapedia.bulbagarden.net//wiki/Heliolisk_%28Pok%C3%A9mon%29"
  },
  {
    "kdex": "#064Co",
    "ndex": "#696",
    "name": "Tyrunt",
    "type1": "Rock",
    "type2": "Dragon",
    "URL": "https://bulbapedia.bulbagarden.net//wiki/Tyrunt_%28Pok%C3%A9mon%29"
  },
  {
    "kdex": "#065Co",
    "ndex": "#697",
    "name": "Tyrantrum",
    "type1": "Rock",
    "type2": "Dragon",
    "URL": "https://bulbapedia.bulbagarden.net//wiki/Tyrantrum_%28Pok%C3%A9mon%29"
  },
  {
    "kdex": "#066Co",
    "ndex": "#698",
    "name": "Amaura",
    "type1": "Rock",
    "type2": "Ice",
    "URL": "https://bulbapedia.bulbagarden.net//wiki/Amaura_%28Pok%C3%A9mon%29"
  },
  {
    "kdex": "#067Co",
    "ndex": "#699",
    "name": "Aurorus",
    "type1": "Rock",
    "type2": "Ice",
    "URL": "https://bulbapedia.bulbagarden.net//wiki/Aurorus_%28Pok%C3%A9mon%29"
  },
  {
    "kdex": "#085Co",
    "ndex": "#700",
    "name": "Sylveon",
    "type1": "Fairy",
    "URL": "https://bulbapedia.bulbagarden.net//wiki/Sylveon_%28Pok%C3%A9mon%29"
  },
  {
    "kdex": "#089Co",
    "ndex": "#701",
    "name": "Hawlucha",
    "type1": "Fighting",
    "type2": "Flying",
    "URL": "https://bulbapedia.bulbagarden.net//wiki/Hawlucha_%28Pok%C3%A9mon%29"
  },
  {
    "kdex": "#110Co",
    "ndex": "#702",
    "name": "Dedenne",
    "type1": "Electric",
    "type2": "Fairy",
    "URL": "https://bulbapedia.bulbagarden.net//wiki/Dedenne_%28Pok%C3%A9mon%29"
  },
  {
    "kdex": "#124Co",
    "ndex": "#703",
    "name": "Carbink",
    "type1": "Rock",
    "type2": "Fairy",
    "URL": "https://bulbapedia.bulbagarden.net//wiki/Carbink_%28Pok%C3%A9mon%29"
  },
  {
    "kdex": "#019Mo",
    "ndex": "#704",
    "name": "Goomy",
    "type1": "Dragon",
    "URL": "https://bulbapedia.bulbagarden.net//wiki/Goomy_%28Pok%C3%A9mon%29"
  },
  {
    "kdex": "#020Mo",
    "ndex": "#705",
    "name": "Sliggoo",
    "type1": "Dragon",
    "URL": "https://bulbapedia.bulbagarden.net//wiki/Sliggoo_%28Pok%C3%A9mon%29"
  },
  {
    "kdex": "#021Mo",
    "ndex": "#706",
    "name": "Goodra",
    "type1": "Dragon",
    "URL": "https://bulbapedia.bulbagarden.net//wiki/Goodra_%28Pok%C3%A9mon%29"
  },
  {
    "kdex": "#050Mo",
    "ndex": "#707",
    "name": "Klefki",
    "type1": "Steel",
    "type2": "Fairy",
    "URL": "https://bulbapedia.bulbagarden.net//wiki/Klefki_%28Pok%C3%A9mon%29"
  },
  {
    "kdex": "#061Mo",
    "ndex": "#708",
    "name": "Phantump",
    "type1": "Ghost",
    "type2": "Grass",
    "URL": "https://bulbapedia.bulbagarden.net//wiki/Phantump_%28Pok%C3%A9mon%29"
  },
  {
    "kdex": "#062Mo",
    "ndex": "#709",
    "name": "Trevenant",
    "type1": "Ghost",
    "type2": "Grass",
    "URL": "https://bulbapedia.bulbagarden.net//wiki/Trevenant_%28Pok%C3%A9mon%29"
  },
  {
    "kdex": "#063Mo",
    "ndex": "#710",
    "name": "Pumpkaboo",
    "type1": "Ghost",
    "type2": "Grass",
    "URL": "https://bulbapedia.bulbagarden.net//wiki/Pumpkaboo_%28Pok%C3%A9mon%29"
  },
  {
    "kdex": "#064Mo",
    "ndex": "#711",
    "name": "Gourgeist",
    "type1": "Ghost",
    "type2": "Grass",
    "URL": "https://bulbapedia.bulbagarden.net//wiki/Gourgeist_%28Pok%C3%A9mon%29"
  },
  {
    "kdex": "#079Mo",
    "ndex": "#712",
    "name": "Bergmite",
    "type1": "Ice",
    "URL": "https://bulbapedia.bulbagarden.net//wiki/Bergmite_%28Pok%C3%A9mon%29"
  },
  {
    "kdex": "#080Mo",
    "ndex": "#713",
    "name": "Avalugg",
    "type1": "Ice",
    "URL": "https://bulbapedia.bulbagarden.net//wiki/Avalugg_%28Pok%C3%A9mon%29"
  },
  {
    "kdex": "#113Mo",
    "ndex": "#714",
    "name": "Noibat",
    "type1": "Flying",
    "type2": "Dragon",
    "URL": "https://bulbapedia.bulbagarden.net//wiki/Noibat_%28Pok%C3%A9mon%29"
  },
  {
    "kdex": "#114Mo",
    "ndex": "#715",
    "name": "Noivern",
    "type1": "Flying",
    "type2": "Dragon",
    "URL": "https://bulbapedia.bulbagarden.net//wiki/Noivern_%28Pok%C3%A9mon%29"
  },
  {
    "kdex": "#148Mo",
    "ndex": "#716",
    "name": "Xerneas",
    "type1": "Fairy",
    "URL": "https://bulbapedia.bulbagarden.net//wiki/Xerneas_%28Pok%C3%A9mon%29"
  },
  {
    "kdex": "#149Mo",
    "ndex": "#717",
    "name": "Yveltal",
    "type1": "Dark",
    "type2": "Flying",
    "URL": "https://bulbapedia.bulbagarden.net//wiki/Yveltal_%28Pok%C3%A9mon%29"
  },
  {
    "kdex": "#150Mo",
    "ndex": "#718",
    "name": "Zygarde",
    "type1": "Dragon",
    "type2": "Ground",
    "URL": "https://bulbapedia.bulbagarden.net//wiki/Zygarde_%28Pok%C3%A9mon%29"
  },
  {
    "kdex": "#151Ce",
    "ndex": "#719",
    "name": "Diancie",
    "type1": "Rock",
    "type2": "Fairy",
    "URL": "https://bulbapedia.bulbagarden.net//wiki/Diancie_%28Pok%C3%A9mon%29"
  },
  {
    "kdex": "#152Ce",
    "ndex": "#720",
    "name": "Hoopa",
    "type1": "Psychic",
    "type2": "Ghost",
    "URL": "https://bulbapedia.bulbagarden.net//wiki/Hoopa_%28Pok%C3%A9mon%29"
  },
  {
    "kdex": "#152Ce",
    "ndex": "#720",
    "name": "Hoopa",
    "type1": "Psychic",
    "type2": "Dark",
    "URL": "https://bulbapedia.bulbagarden.net//wiki/Hoopa_%28Pok%C3%A9mon%29"
  },
  {
    "kdex": "#153Ce",
    "ndex": "#721",
    "name": "Volcanion",
    "type1": "Fire",
    "type2": "Water",
    "URL": "https://bulbapedia.bulbagarden.net//wiki/Volcanion_%28Pok%C3%A9mon%29"
  }
]
