[
  {
    "kdex": "#001",
    "ndex": "#722",
    "name": "Rowlet",
    "type1": "Grass",
    "type2": "Flying",
    "URL": "https://bulbapedia.bulbagarden.net//wiki/Rowlet_%28Pok%C3%A9mon%29"
  },
  {
    "kdex": "#002",
    "ndex": "#723",
    "name": "Dartrix",
    "type1": "Grass",
    "type2": "Flying",
    "URL": "https://bulbapedia.bulbagarden.net//wiki/Dartrix_%28Pok%C3%A9mon%29"
  },
  {
    "kdex": "#003",
    "ndex": "#724",
    "name": "Decidueye",
    "type1": "Grass",
    "type2": "Ghost",
    "URL": "https://bulbapedia.bulbagarden.net//wiki/Decidueye_%28Pok%C3%A9mon%29"
  },
  {
    "kdex": "#004",
    "ndex": "#725",
    "name": "Litten",
    "type1": "Fire",
    "URL": "https://bulbapedia.bulbagarden.net//wiki/Litten_%28Pok%C3%A9mon%29"
  },
  {
    "kdex": "#005",
    "ndex": "#726",
    "name": "Torracat",
    "type1": "Fire",
    "URL": "https://bulbapedia.bulbagarden.net//wiki/Torracat_%28Pok%C3%A9mon%29"
  },
  {
    "kdex": "#006",
    "ndex": "#727",
    "name": "Incineroar",
    "type1": "Fire",
    "type2": "Dark",
    "URL": "https://bulbapedia.bulbagarden.net//wiki/Incineroar_%28Pok%C3%A9mon%29"
  },
  {
    "kdex": "#007",
    "ndex": "#728",
    "name": "Popplio",
    "type1": "Water",
    "URL": "https://bulbapedia.bulbagarden.net//wiki/Popplio_%28Pok%C3%A9mon%29"
  },
  {
    "kdex": "#008",
    "ndex": "#729",
    "name": "Brionne",
    "type1": "Water",
    "URL": "https://bulbapedia.bulbagarden.net//wiki/Brionne_%28Pok%C3%A9mon%29"
  },
  {
    "kdex": "#009",
    "ndex": "#730",
    "name": "Primarina",
    "type1": "Water",
    "type2": "Fairy",
    "URL": "https://bulbapedia.bulbagarden.net//wiki/Primarina_%28Pok%C3%A9mon%29"
  },
  {
    "kdex": "#010",
    "ndex": "#731",
    "name": "Pikipek",
    "type1": "Normal",
    "type2": "Flying",
    "URL": "https://bulbapedia.bulbagarden.net//wiki/Pikipek_%28Pok%C3%A9mon%29"
  },
  {
    "kdex": "#011",
    "ndex": "#732",
    "name": "Trumbeak",
    "type1": "Normal",
    "type2": "Flying",
    "URL": "https://bulbapedia.bulbagarden.net//wiki/Trumbeak_%28Pok%C3%A9mon%29"
  },
  {
    "kdex": "#012",
    "ndex": "#733",
    "name": "Toucannon",
    "type1": "Normal",
    "type2": "Flying",
    "URL": "https://bulbapedia.bulbagarden.net//wiki/Toucannon_%28Pok%C3%A9mon%29"
  },
  {
    "kdex": "#013",
    "ndex": "#734",
    "name": "Yungoos",
    "type1": "Normal",
    "URL": "https://bulbapedia.bulbagarden.net//wiki/Yungoos_%28Pok%C3%A9mon%29"
  },
  {
    "kdex": "#014",
    "ndex": "#735",
    "name": "Gumshoos",
    "type1": "Normal",
    "URL": "https://bulbapedia.bulbagarden.net//wiki/Gumshoos_%28Pok%C3%A9mon%29"
  },
  {
    "kdex": "#027",
    "ndex": "#736",
    "name": "Grubbin",
    "type1": "Bug",
    "URL": "https://bulbapedia.bulbagarden.net//wiki/Grubbin_%28Pok%C3%A9mon%29"
  },
  {
    "kdex": "#028",
    "ndex": "#737",
    "name": "Charjabug",
    "type1": "Bug",
    "type2": "Electric",
    "URL": "https://bulbapedia.bulbagarden.net//wiki/Charjabug_%28Pok%C3%A9mon%29"
  },
  {
    "kdex": "#029",
    "ndex": "#738",
    "name": "Vikavolt",
    "type1": "Bug",
    "type2": "Electric",
    "URL": "https://bulbapedia.bulbagarden.net//wiki/Vikavolt_%28Pok%C3%A9mon%29"
  },
  {
    "kdex": "#059",
    "ndex": "#739",
    "name": "Crabrawler",
    "type1": "Fighting",
    "URL": "https://bulbapedia.bulbagarden.net//wiki/Crabrawler_%28Pok%C3%A9mon%29"
  },
  {
    "kdex": "#060",
    "ndex": "#740",
    "name": "Crabominable",
    "type1": "Fighting",
    "type2": "Ice",
    "URL": "https://bulbapedia.bulbagarden.net//wiki/Crabominable_%28Pok%C3%A9mon%29"
  },
  {
    "kdex": "#082",
    "ndex": "#741",
    "name": "Oricorio",
    "type1": "Fire",
    "type2": "Flying",
    "URL": "https://bulbapedia.bulbagarden.net//wiki/Oricorio_%28Pok%C3%A9mon%29"
  },
  {
    "kdex": "#082",
    "ndex": "#741",
    "name": "Oricorio",
    "type1": "Electric",
    "type2": "Flying",
    "URL": "https://bulbapedia.bulbagarden.net//wiki/Oricorio_%28Pok%C3%A9mon%29"
  },
  {
    "kdex": "#082",
    "ndex": "#741",
    "name": "Oricorio",
    "type1": "Psychic",
    "type2": "Flying",
    "URL": "https://bulbapedia.bulbagarden.net//wiki/Oricorio_%28Pok%C3%A9mon%29"
  },
  {
    "kdex": "#082",
    "ndex": "#741",
    "name": "Oricorio",
    "type1": "Ghost",
    "type2": "Flying",
    "URL": "https://bulbapedia.bulbagarden.net//wiki/Oricorio_%28Pok%C3%A9mon%29"
  },
  {
    "kdex": "#083",
    "ndex": "#742",
    "name": "Cutiefly",
    "type1": "Bug",
    "type2": "Fairy",
    "URL": "https://bulbapedia.bulbagarden.net//wiki/Cutiefly_%28Pok%C3%A9mon%29"
  },
  {
    "kdex": "#084",
    "ndex": "#743",
    "name": "Ribombee",
    "type1": "Bug",
    "type2": "Fairy",
    "URL": "https://bulbapedia.bulbagarden.net//wiki/Ribombee_%28Pok%C3%A9mon%29"
  },
  {
    "kdex": "#103",
    "ndex": "#744",
    "name": "Rockruff",
    "type1": "Rock",
    "URL": "https://bulbapedia.bulbagarden.net//wiki/Rockruff_%28Pok%C3%A9mon%29"
  },
  {
    "kdex": "#104",
    "ndex": "#745",
    "name": "Lycanroc",
    "type1": "Rock",
    "URL": "https://bulbapedia.bulbagarden.net//wiki/Lycanroc_%28Pok%C3%A9mon%29"
  },
  {
    "kdex": "#110",
    "ndex": "#746",
    "name": "Wishiwashi",
    "type1": "Water",
    "URL": "https://bulbapedia.bulbagarden.net//wiki/Wishiwashi_%28Pok%C3%A9mon%29"
  },
  {
    "kdex": "#113",
    "ndex": "#747",
    "name": "Mareanie",
    "type1": "Poison",
    "type2": "Water",
    "URL": "https://bulbapedia.bulbagarden.net//wiki/Mareanie_%28Pok%C3%A9mon%29"
  },
  {
    "kdex": "#114",
    "ndex": "#748",
    "name": "Toxapex",
    "type1": "Poison",
    "type2": "Water",
    "URL": "https://bulbapedia.bulbagarden.net//wiki/Toxapex_%28Pok%C3%A9mon%29"
  },
  {
    "kdex": "#132",
    "ndex": "#749",
    "name": "Mudbray",
    "type1": "Ground",
    "URL": "https://bulbapedia.bulbagarden.net//wiki/Mudbray_%28Pok%C3%A9mon%29"
  },
  {
    "kdex": "#133",
    "ndex": "#750",
    "name": "Mudsdale",
    "type1": "Ground",
    "URL": "https://bulbapedia.bulbagarden.net//wiki/Mudsdale_%28Pok%C3%A9mon%29"
  },
  {
    "kdex": "#141",
    "ndex": "#751",
    "name": "Dewpider",
    "type1": "Water",
    "type2": "Bug",
    "URL": "https://bulbapedia.bulbagarden.net//wiki/Dewpider_%28Pok%C3%A9mon%29"
  },
  {
    "kdex": "#142",
    "ndex": "#752",
    "name": "Araquanid",
    "type1": "Water",
    "type2": "Bug",
    "URL": "https://bulbapedia.bulbagarden.net//wiki/Araquanid_%28Pok%C3%A9mon%29"
  },
  {
    "kdex": "#143",
    "ndex": "#753",
    "name": "Fomantis",
    "type1": "Grass",
    "URL": "https://bulbapedia.bulbagarden.net//wiki/Fomantis_%28Pok%C3%A9mon%29"
  },
  {
    "kdex": "#144",
    "ndex": "#754",
    "name": "Lurantis",
    "type1": "Grass",
    "URL": "https://bulbapedia.bulbagarden.net//wiki/Lurantis_%28Pok%C3%A9mon%29"
  },
  {
    "kdex": "#145",
    "ndex": "#755",
    "name": "Morelull",
    "type1": "Grass",
    "type2": "Fairy",
    "URL": "https://bulbapedia.bulbagarden.net//wiki/Morelull_%28Pok%C3%A9mon%29"
  },
  {
    "kdex": "#146",
    "ndex": "#756",
    "name": "Shiinotic",
    "type1": "Grass",
    "type2": "Fairy",
    "URL": "https://bulbapedia.bulbagarden.net//wiki/Shiinotic_%28Pok%C3%A9mon%29"
  },
  {
    "kdex": "#161",
    "ndex": "#757",
    "name": "Salandit",
    "type1": "Poison",
    "type2": "Fire",
    "URL": "https://bulbapedia.bulbagarden.net//wiki/Salandit_%28Pok%C3%A9mon%29"
  },
  {
    "kdex": "#162",
    "ndex": "#758",
    "name": "Salazzle",
    "type1": "Poison",
    "type2": "Fire",
    "URL": "https://bulbapedia.bulbagarden.net//wiki/Salazzle_%28Pok%C3%A9mon%29"
  },
  {
    "kdex": "#169",
    "ndex": "#759",
    "name": "Stufful",
    "type1": "Normal",
    "type2": "Fighting",
    "URL": "https://bulbapedia.bulbagarden.net//wiki/Stufful_%28Pok%C3%A9mon%29"
  },
  {
    "kdex": "#170",
    "ndex": "#760",
    "name": "Bewear",
    "type1": "Normal",
    "type2": "Fighting",
    "URL": "https://bulbapedia.bulbagarden.net//wiki/Bewear_%28Pok%C3%A9mon%29"
  },
  {
    "kdex": "#171",
    "ndex": "#761",
    "name": "Bounsweet",
    "type1": "Grass",
    "URL": "https://bulbapedia.bulbagarden.net//wiki/Bounsweet_%28Pok%C3%A9mon%29"
  },
  {
    "kdex": "#172",
    "ndex": "#762",
    "name": "Steenee",
    "type1": "Grass",
    "URL": "https://bulbapedia.bulbagarden.net//wiki/Steenee_%28Pok%C3%A9mon%29"
  },
  {
    "kdex": "#173",
    "ndex": "#763",
    "name": "Tsareena",
    "type1": "Grass",
    "URL": "https://bulbapedia.bulbagarden.net//wiki/Tsareena_%28Pok%C3%A9mon%29"
  },
  {
    "kdex": "#174",
    "ndex": "#764",
    "name": "Comfey",
    "type1": "Fairy",
    "URL": "https://bulbapedia.bulbagarden.net//wiki/Comfey_%28Pok%C3%A9mon%29"
  },
  {
    "kdex": "#176",
    "ndex": "#765",
    "name": "Oranguru",
    "type1": "Normal",
    "type2": "Psychic",
    "URL": "https://bulbapedia.bulbagarden.net//wiki/Oranguru_%28Pok%C3%A9mon%29"
  },
  {
    "kdex": "#177",
    "ndex": "#766",
    "name": "Passimian",
    "type1": "Fighting",
    "URL": "https://bulbapedia.bulbagarden.net//wiki/Passimian_%28Pok%C3%A9mon%29"
  },
  {
    "kdex": "#182",
    "ndex": "#767",
    "name": "Wimpod",
    "type1": "Bug",
    "type2": "Water",
    "URL": "https://bulbapedia.bulbagarden.net//wiki/Wimpod_%28Pok%C3%A9mon%29"
  },
  {
    "kdex": "#183",
    "ndex": "#768",
    "name": "Golisopod",
    "type1": "Bug",
    "type2": "Water",
    "URL": "https://bulbapedia.bulbagarden.net//wiki/Golisopod_%28Pok%C3%A9mon%29"
  },
  {
    "kdex": "#186",
    "ndex": "#769",
    "name": "Sandygast",
    "type1": "Ghost",
    "type2": "Ground",
    "URL": "https://bulbapedia.bulbagarden.net//wiki/Sandygast_%28Pok%C3%A9mon%29"
  },
  {
    "kdex": "#187",
    "ndex": "#770",
    "name": "Palossand",
    "type1": "Ghost",
    "type2": "Ground",
    "URL": "https://bulbapedia.bulbagarden.net//wiki/Palossand_%28Pok%C3%A9mon%29"
  },
  {
    "kdex": "#200",
    "ndex": "#771",
    "name": "Pyukumuku",
    "type1": "Water",
    "URL": "https://bulbapedia.bulbagarden.net//wiki/Pyukumuku_%28Pok%C3%A9mon%29"
  },
  {
    "kdex": "#203",
    "ndex": "#772",
    "name": "Type: Null",
    "type1": "Normal",
    "URL": "https://bulbapedia.bulbagarden.net//wiki/Type:_Null_%28Pok%C3%A9mon%29"
  },
  {
    "kdex": "#204",
    "ndex": "#773",
    "name": "Silvally",
    "type1": "Normal",
    "URL": "https://bulbapedia.bulbagarden.net//wiki/Silvally_%28Pok%C3%A9mon%29"
  },
  {
    "kdex": "#213",
    "ndex": "#774",
    "name": "Minior",
    "type1": "Rock",
    "type2": "Flying",
    "URL": "https://bulbapedia.bulbagarden.net//wiki/Minior_%28Pok%C3%A9mon%29"
  },
  {
    "kdex": "#222",
    "ndex": "#775",
    "name": "Komala",
    "type1": "Normal",
    "URL": "https://bulbapedia.bulbagarden.net//wiki/Komala_%28Pok%C3%A9mon%29"
  },
  {
    "kdex": "#224",
    "ndex": "#776",
    "name": "Turtonator",
    "type1": "Fire",
    "type2": "Dragon",
    "URL": "https://bulbapedia.bulbagarden.net//wiki/Turtonator_%28Pok%C3%A9mon%29"
  },
  {
    "kdex": "#225",
    "ndex": "#777",
    "name": "Togedemaru",
    "type1": "Electric",
    "type2": "Steel",
    "URL": "https://bulbapedia.bulbagarden.net//wiki/Togedemaru_%28Pok%C3%A9mon%29"
  },
  {
    "kdex": "#242",
    "ndex": "#778",
    "name": "Mimikyu",
    "type1": "Ghost",
    "type2": "Fairy",
    "URL": "https://bulbapedia.bulbagarden.net//wiki/Mimikyu_%28Pok%C3%A9mon%29"
  },
  {
    "kdex": "#243",
    "ndex": "#779",
    "name": "Bruxish",
    "type1": "Water",
    "type2": "Psychic",
    "URL": "https://bulbapedia.bulbagarden.net//wiki/Bruxish_%28Pok%C3%A9mon%29"
  },
  {
    "kdex": "#244",
    "ndex": "#780",
    "name": "Drampa",
    "type1": "Normal",
    "type2": "Dragon",
    "URL": "https://bulbapedia.bulbagarden.net//wiki/Drampa_%28Pok%C3%A9mon%29"
  },
  {
    "kdex": "#263",
    "ndex": "#781",
    "name": "Dhelmise",
    "type1": "Ghost",
    "type2": "Grass",
    "URL": "https://bulbapedia.bulbagarden.net//wiki/Dhelmise_%28Pok%C3%A9mon%29"
  },
  {
    "kdex": "#271",
    "ndex": "#782",
    "name": "Jangmo-o",
    "type1": "Dragon",
    "URL": "https://bulbapedia.bulbagarden.net//wiki/Jangmo-o_%28Pok%C3%A9mon%29"
  },
  {
    "kdex": "#272",
    "ndex": "#783",
    "name": "Hakamo-o",
    "type1": "Dragon",
    "type2": "Fighting",
    "URL": "https://bulbapedia.bulbagarden.net//wiki/Hakamo-o_%28Pok%C3%A9mon%29"
  },
  {
    "kdex": "#273",
    "ndex": "#784",
    "name": "Kommo-o",
    "type1": "Dragon",
    "type2": "Fighting",
    "URL": "https://bulbapedia.bulbagarden.net//wiki/Kommo-o_%28Pok%C3%A9mon%29"
  },
  {
    "kdex": "#285",
    "ndex": "#785",
    "name": "Tapu Koko",
    "type1": "Electric",
    "type2": "Fairy",
    "URL": "https://bulbapedia.bulbagarden.net//wiki/Tapu_Koko_%28Pok%C3%A9mon%29"
  },
  {
    "kdex": "#286",
    "ndex": "#786",
    "name": "Tapu Lele",
    "type1": "Psychic",
    "type2": "Fairy",
    "URL": "https://bulbapedia.bulbagarden.net//wiki/Tapu_Lele_%28Pok%C3%A9mon%29"
  },
  {
    "kdex": "#287",
    "ndex": "#787",
    "name": "Tapu Bulu",
    "type1": "Grass",
    "type2": "Fairy",
    "URL": "https://bulbapedia.bulbagarden.net//wiki/Tapu_Bulu_%28Pok%C3%A9mon%29"
  },
  {
    "kdex": "#288",
    "ndex": "#788",
    "name": "Tapu Fini",
    "type1": "Water",
    "type2": "Fairy",
    "URL": "https://bulbapedia.bulbagarden.net//wiki/Tapu_Fini_%28Pok%C3%A9mon%29"
  },
  {
    "kdex": "#289",
    "ndex": "#789",
    "name": "Cosmog",
    "type1": "Psychic",
    "URL": "https://bulbapedia.bulbagarden.net//wiki/Cosmog_%28Pok%C3%A9mon%29"
  },
  {
    "kdex": "#290",
    "ndex": "#790",
    "name": "Cosmoem",
    "type1": "Psychic",
    "URL": "https://bulbapedia.bulbagarden.net//wiki/Cosmoem_%28Pok%C3%A9mon%29"
  },
  {
    "kdex": "#291",
    "ndex": "#791",
    "name": "Solgaleo",
    "type1": "Psychic",
    "type2": "Steel",
    "URL": "https://bulbapedia.bulbagarden.net//wiki/Solgaleo_%28Pok%C3%A9mon%29"
  },
  {
    "kdex": "#292",
    "ndex": "#792",
    "name": "Lunala",
    "type1": "Psychic",
    "type2": "Ghost",
    "URL": "https://bulbapedia.bulbagarden.net//wiki/Lunala_%28Pok%C3%A9mon%29"
  },
  {
    "kdex": "#293",
    "ndex": "#793",
    "name": "Nihilego",
    "type1": "Rock",
    "type2": "Poison",
    "URL": "https://bulbapedia.bulbagarden.net//wiki/Nihilego_%28Pok%C3%A9mon%29"
  },
  {
    "kdex": "#294",
    "ndex": "#794",
    "name": "Buzzwole",
    "type1": "Bug",
    "type2": "Fighting",
    "URL": "https://bulbapedia.bulbagarden.net//wiki/Buzzwole_%28Pok%C3%A9mon%29"
  },
  {
    "kdex": "#295",
    "ndex": "#795",
    "name": "Pheromosa",
    "type1": "Bug",
    "type2": "Fighting",
    "URL": "https://bulbapedia.bulbagarden.net//wiki/Pheromosa_%28Pok%C3%A9mon%29"
  },
  {
    "kdex": "#296",
    "ndex": "#796",
    "name": "Xurkitree",
    "type1": "Electric",
    "URL": "https://bulbapedia.bulbagarden.net//wiki/Xurkitree_%28Pok%C3%A9mon%29"
  },
  {
    "kdex": "#297",
    "ndex": "#797",
    "name": "Celesteela",
    "type1": "Steel",
    "type2": "Flying",
    "URL": "https://bulbapedia.bulbagarden.net//wiki/Celesteela_%28Pok%C3%A9mon%29"
  },
  {
    "kdex": "#298",
    "ndex": "#798",
    "name": "Kartana",
    "type1": "Grass",
    "type2": "Steel",
    "URL": "https://bulbapedia.bulbagarden.net//wiki/Kartana_%28Pok%C3%A9mon%29"
  },
  {
    "kdex": "#299",
    "ndex": "#799",
    "name": "Guzzlord",
    "type1": "Dark",
    "type2": "Dragon",
    "URL": "https://bulbapedia.bulbagarden.net//wiki/Guzzlord_%28Pok%C3%A9mon%29"
  },
  {
    "kdex": "#300",
    "ndex": "#800",
    "name": "Necrozma",
    "type1": "Psychic",
    "URL": "https://bulbapedia.bulbagarden.net//wiki/Necrozma_%28Pok%C3%A9mon%29"
  },
  {
    "kdex": "#301",
    "ndex": "#801",
    "name": "Magearna",
    "type1": "Steel",
    "type2": "Fairy",
    "URL": "https://bulbapedia.bulbagarden.net//wiki/Magearna_%28Pok%C3%A9mon%29"
  },
  {
    "kdex": "#302",
    "ndex": "#802",
    "name": "Marshadow",
    "type1": "Fighting",
    "type2": "Ghost",
    "URL": "https://bulbapedia.bulbagarden.net//wiki/Marshadow_%28Pok%C3%A9mon%29"
  },
  {
    "kdex": "#261",
    "ndex": "#803",
    "name": "Poipole",
    "type1": "Poison",
    "URL": "https://bulbapedia.bulbagarden.net//wiki/Poipole_%28Pok%C3%A9mon%29"
  },
  {
    "kdex": "#262",
    "ndex": "#804",
    "name": "Naganadel",
    "type1": "Poison",
    "type2": "Dragon",
    "URL": "https://bulbapedia.bulbagarden.net//wiki/Naganadel_%28Pok%C3%A9mon%29"
  },
  {
    "kdex": "#392",
    "ndex": "#805",
    "name": "Stakataka",
    "type1": "Rock",
    "type2": "Steel",
    "URL": "https://bulbapedia.bulbagarden.net//wiki/Stakataka_%28Pok%C3%A9mon%29"
  },
  {
    "kdex": "#393",
    "ndex": "#806",
    "name": "Blacephalon",
    "type1": "Fire",
    "type2": "Ghost",
    "URL": "https://bulbapedia.bulbagarden.net//wiki/Blacephalon_%28Pok%C3%A9mon%29"
  },
  {
    "kdex": "#403",
    "ndex": "#807",
    "name": "Zeraora",
    "type1": "Electric",
    "URL": "https://bulbapedia.bulbagarden.net//wiki/Zeraora_%28Pok%C3%A9mon%29"
  },
  {
    "kdex": "#---",
    "ndex": "#808",
    "name": "Meltan",
    "type1": "Steel",
    "URL": "https://bulbapedia.bulbagarden.net//wiki/Meltan_%28Pok%C3%A9mon%29"
  },
  {
    "kdex": "#---",
    "ndex": "#809",
    "name": "Melmetal",
    "type1": "Steel",
    "URL": "https://bulbapedia.bulbagarden.net//wiki/Melmetal_%28Pok%C3%A9mon%29"
  }
]
