[
  {
    "kdex": "#001",
    "ndex": "#810",
    "name": "Grookey",
    "type1": "Grass",
    "URL": "https://bulbapedia.bulbagarden.net//wiki/Grookey_%28Pok%C3%A9mon%29"
  },
  {
    "kdex": "#002",
    "ndex": "#811",
    "name": "Thwackey",
    "type1": "Grass",
    "URL": "https://bulbapedia.bulbagarden.net//wiki/Thwackey_%28Pok%C3%A9mon%29"
  },
  {
    "kdex": "#003",
    "ndex": "#812",
    "name": "Rillaboom",
    "type1": "Grass",
    "URL": "https://bulbapedia.bulbagarden.net//wiki/Rillaboom_%28Pok%C3%A9mon%29"
  },
  {
    "kdex": "#004",
    "ndex": "#813",
    "name": "Scorbunny",
    "type1": "Fire",
    "URL": "https://bulbapedia.bulbagarden.net//wiki/Scorbunny_%28Pok%C3%A9mon%29"
  },
  {
    "kdex": "#005",
    "ndex": "#814",
    "name": "Raboot",
    "type1": "Fire",
    "URL": "https://bulbapedia.bulbagarden.net//wiki/Raboot_%28Pok%C3%A9mon%29"
  },
  {
    "kdex": "#006",
    "ndex": "#815",
    "name": "Cinderace",
    "type1": "Fire",
    "URL": "https://bulbapedia.bulbagarden.net//wiki/Cinderace_%28Pok%C3%A9mon%29"
  },
  {
    "kdex": "#007",
    "ndex": "#816",
    "name": "Sobble",
    "type1": "Water",
    "URL": "https://bulbapedia.bulbagarden.net//wiki/Sobble_%28Pok%C3%A9mon%29"
  },
  {
    "kdex": "#008",
    "ndex": "#817",
    "name": "Drizzile",
    "type1": "Water",
    "URL": "https://bulbapedia.bulbagarden.net//wiki/Drizzile_%28Pok%C3%A9mon%29"
  },
  {
    "kdex": "#009",
    "ndex": "#818",
    "name": "Inteleon",
    "type1": "Water",
    "URL": "https://bulbapedia.bulbagarden.net//wiki/Inteleon_%28Pok%C3%A9mon%29"
  },
  {
    "kdex": "#024",
    "ndex": "#819",
    "name": "Skwovet",
    "type1": "Normal",
    "URL": "https://bulbapedia.bulbagarden.net//wiki/Skwovet_%28Pok%C3%A9mon%29"
  },
  {
    "kdex": "#025",
    "ndex": "#820",
    "name": "Greedent",
    "type1": "Normal",
    "URL": "https://bulbapedia.bulbagarden.net//wiki/Greedent_%28Pok%C3%A9mon%29"
  },
  {
    "kdex": "#021",
    "ndex": "#821",
    "name": "Rookidee",
    "type1": "Flying",
    "URL": "https://bulbapedia.bulbagarden.net//wiki/Rookidee_%28Pok%C3%A9mon%29"
  },
  {
    "kdex": "#022",
    "ndex": "#822",
    "name": "Corvisquire",
    "type1": "Flying",
    "URL": "https://bulbapedia.bulbagarden.net//wiki/Corvisquire_%28Pok%C3%A9mon%29"
  },
  {
    "kdex": "#023",
    "ndex": "#823",
    "name": "Corviknight",
    "type1": "Flying",
    "type2": "Steel",
    "URL": "https://bulbapedia.bulbagarden.net//wiki/Corviknight_%28Pok%C3%A9mon%29"
  },
  {
    "kdex": "#010",
    "ndex": "#824",
    "name": "Blipbug",
    "type1": "Bug",
    "URL": "https://bulbapedia.bulbagarden.net//wiki/Blipbug_%28Pok%C3%A9mon%29"
  },
  {
    "kdex": "#011",
    "ndex": "#825",
    "name": "Dottler",
    "type1": "Bug",
    "type2": "Psychic",
    "URL": "https://bulbapedia.bulbagarden.net//wiki/Dottler_%28Pok%C3%A9mon%29"
  },
  {
    "kdex": "#012",
    "ndex": "#826",
    "name": "Orbeetle",
    "type1": "Bug",
    "type2": "Psychic",
    "URL": "https://bulbapedia.bulbagarden.net//wiki/Orbeetle_%28Pok%C3%A9mon%29"
  },
  {
    "kdex": "#029",
    "ndex": "#827",
    "name": "Nickit",
    "type1": "Dark",
    "URL": "https://bulbapedia.bulbagarden.net//wiki/Nickit_%28Pok%C3%A9mon%29"
  },
  {
    "kdex": "#030",
    "ndex": "#828",
    "name": "Thievul",
    "type1": "Dark",
    "URL": "https://bulbapedia.bulbagarden.net//wiki/Thievul_%28Pok%C3%A9mon%29"
  },
  {
    "kdex": "#126",
    "ndex": "#829",
    "name": "Gossifleur",
    "type1": "Grass",
    "URL": "https://bulbapedia.bulbagarden.net//wiki/Gossifleur_%28Pok%C3%A9mon%29"
  },
  {
    "kdex": "#127",
    "ndex": "#830",
    "name": "Eldegoss",
    "type1": "Grass",
    "URL": "https://bulbapedia.bulbagarden.net//wiki/Eldegoss_%28Pok%C3%A9mon%29"
  },
  {
    "kdex": "#034",
    "ndex": "#831",
    "name": "Wooloo",
    "type1": "Normal",
    "URL": "https://bulbapedia.bulbagarden.net//wiki/Wooloo_%28Pok%C3%A9mon%29"
  },
  {
    "kdex": "#035",
    "ndex": "#832",
    "name": "Dubwool",
    "type1": "Normal",
    "URL": "https://bulbapedia.bulbagarden.net//wiki/Dubwool_%28Pok%C3%A9mon%29"
  },
  {
    "kdex": "#042",
    "ndex": "#833",
    "name": "Chewtle",
    "type1": "Water",
    "URL": "https://bulbapedia.bulbagarden.net//wiki/Chewtle_%28Pok%C3%A9mon%29"
  },
  {
    "kdex": "#043",
    "ndex": "#834",
    "name": "Drednaw",
    "type1": "Water",
    "type2": "Rock",
    "URL": "https://bulbapedia.bulbagarden.net//wiki/Drednaw_%28Pok%C3%A9mon%29"
  },
  {
    "kdex": "#046",
    "ndex": "#835",
    "name": "Yamper",
    "type1": "Electric",
    "URL": "https://bulbapedia.bulbagarden.net//wiki/Yamper_%28Pok%C3%A9mon%29"
  },
  {
    "kdex": "#047",
    "ndex": "#836",
    "name": "Boltund",
    "type1": "Electric",
    "URL": "https://bulbapedia.bulbagarden.net//wiki/Boltund_%28Pok%C3%A9mon%29"
  },
  {
    "kdex": "#161",
    "ndex": "#837",
    "name": "Rolycoly",
    "type1": "Rock",
    "URL": "https://bulbapedia.bulbagarden.net//wiki/Rolycoly_%28Pok%C3%A9mon%29"
  },
  {
    "kdex": "#162",
    "ndex": "#838",
    "name": "Carkol",
    "type1": "Rock",
    "type2": "Fire",
    "URL": "https://bulbapedia.bulbagarden.net//wiki/Carkol_%28Pok%C3%A9mon%29"
  },
  {
    "kdex": "#163",
    "ndex": "#839",
    "name": "Coalossal",
    "type1": "Rock",
    "type2": "Fire",
    "URL": "https://bulbapedia.bulbagarden.net//wiki/Coalossal_%28Pok%C3%A9mon%29"
  },
  {
    "kdex": "#205",
    "ndex": "#840",
    "name": "Applin",
    "type1": "Grass",
    "type2": "Dragon",
    "URL": "https://bulbapedia.bulbagarden.net//wiki/Applin_%28Pok%C3%A9mon%29"
  },
  {
    "kdex": "#206",
    "ndex": "#841",
    "name": "Flapple",
    "type1": "Grass",
    "type2": "Dragon",
    "URL": "https://bulbapedia.bulbagarden.net//wiki/Flapple_%28Pok%C3%A9mon%29"
  },
  {
    "kdex": "#207",
    "ndex": "#842",
    "name": "Appletun",
    "type1": "Grass",
    "type2": "Dragon",
    "URL": "https://bulbapedia.bulbagarden.net//wiki/Appletun_%28Pok%C3%A9mon%29"
  },
  {
    "kdex": "#312",
    "ndex": "#843",
    "name": "Silicobra",
    "type1": "Ground",
    "URL": "https://bulbapedia.bulbagarden.net//wiki/Silicobra_%28Pok%C3%A9mon%29"
  },
  {
    "kdex": "#313",
    "ndex": "#844",
    "name": "Sandaconda",
    "type1": "Ground",
    "URL": "https://bulbapedia.bulbagarden.net//wiki/Sandaconda_%28Pok%C3%A9mon%29"
  },
  {
    "kdex": "#309",
    "ndex": "#845",
    "name": "Cramorant",
    "type1": "Flying",
    "type2": "Water",
    "URL": "https://bulbapedia.bulbagarden.net//wiki/Cramorant_%28Pok%C3%A9mon%29"
  },
  {
    "kdex": "#180",
    "ndex": "#846",
    "name": "Arrokuda",
    "type1": "Water",
    "URL": "https://bulbapedia.bulbagarden.net//wiki/Arrokuda_%28Pok%C3%A9mon%29"
  },
  {
    "kdex": "#181",
    "ndex": "#847",
    "name": "Barraskewda",
    "type1": "Water",
    "URL": "https://bulbapedia.bulbagarden.net//wiki/Barraskewda_%28Pok%C3%A9mon%29"
  },
  {
    "kdex": "#310",
    "ndex": "#848",
    "name": "Toxel",
    "type1": "Electric",
    "type2": "Poison",
    "URL": "https://bulbapedia.bulbagarden.net//wiki/Toxel_%28Pok%C3%A9mon%29"
  },
  {
    "kdex": "#311",
    "ndex": "#849",
    "name": "Toxtricity",
    "type1": "Electric",
    "type2": "Poison",
    "URL": "https://bulbapedia.bulbagarden.net//wiki/Toxtricity_%28Pok%C3%A9mon%29"
  },
  {
    "kdex": "#159",
    "ndex": "#850",
    "name": "Sizzlipede",
    "type1": "Fire",
    "type2": "Bug",
    "URL": "https://bulbapedia.bulbagarden.net//wiki/Sizzlipede_%28Pok%C3%A9mon%29"
  },
  {
    "kdex": "#160",
    "ndex": "#851",
    "name": "Centiskorch",
    "type1": "Fire",
    "type2": "Bug",
    "URL": "https://bulbapedia.bulbagarden.net//wiki/Centiskorch_%28Pok%C3%A9mon%29"
  },
  {
    "kdex": "#351",
    "ndex": "#852",
    "name": "Clobbopus",
    "type1": "Fighting",
    "URL": "https://bulbapedia.bulbagarden.net//wiki/Clobbopus_%28Pok%C3%A9mon%29"
  },
  {
    "kdex": "#352",
    "ndex": "#853",
    "name": "Grapploct",
    "type1": "Fighting",
    "URL": "https://bulbapedia.bulbagarden.net//wiki/Grapploct_%28Pok%C3%A9mon%29"
  },
  {
    "kdex": "#335",
    "ndex": "#854",
    "name": "Sinistea",
    "type1": "Ghost",
    "URL": "https://bulbapedia.bulbagarden.net//wiki/Sinistea_%28Pok%C3%A9mon%29"
  },
  {
    "kdex": "#336",
    "ndex": "#855",
    "name": "Polteageist",
    "type1": "Ghost",
    "URL": "https://bulbapedia.bulbagarden.net//wiki/Polteageist_%28Pok%C3%A9mon%29"
  },
  {
    "kdex": "#241",
    "ndex": "#856",
    "name": "Hatenna",
    "type1": "Psychic",
    "URL": "https://bulbapedia.bulbagarden.net//wiki/Hatenna_%28Pok%C3%A9mon%29"
  },
  {
    "kdex": "#242",
    "ndex": "#857",
    "name": "Hattrem",
    "type1": "Psychic",
    "URL": "https://bulbapedia.bulbagarden.net//wiki/Hattrem_%28Pok%C3%A9mon%29"
  },
  {
    "kdex": "#243",
    "ndex": "#858",
    "name": "Hatterene",
    "type1": "Psychic",
    "type2": "Fairy",
    "URL": "https://bulbapedia.bulbagarden.net//wiki/Hatterene_%28Pok%C3%A9mon%29"
  },
  {
    "kdex": "#238",
    "ndex": "#859",
    "name": "Impidimp",
    "type1": "Dark",
    "type2": "Fairy",
    "URL": "https://bulbapedia.bulbagarden.net//wiki/Impidimp_%28Pok%C3%A9mon%29"
  },
  {
    "kdex": "#239",
    "ndex": "#860",
    "name": "Morgrem",
    "type1": "Dark",
    "type2": "Fairy",
    "URL": "https://bulbapedia.bulbagarden.net//wiki/Morgrem_%28Pok%C3%A9mon%29"
  },
  {
    "kdex": "#240",
    "ndex": "#861",
    "name": "Grimmsnarl",
    "type1": "Dark",
    "type2": "Fairy",
    "URL": "https://bulbapedia.bulbagarden.net//wiki/Grimmsnarl_%28Pok%C3%A9mon%29"
  },
  {
    "kdex": "#033",
    "ndex": "#862",
    "name": "Obstagoon",
    "type1": "Dark",
    "type2": "Normal",
    "URL": "https://bulbapedia.bulbagarden.net//wiki/Obstagoon_%28Pok%C3%A9mon%29"
  },
  {
    "kdex": "#183",
    "ndex": "#863",
    "name": "Perrserker",
    "type1": "Steel",
    "URL": "https://bulbapedia.bulbagarden.net//wiki/Perrserker_%28Pok%C3%A9mon%29"
  },
  {
    "kdex": "#237",
    "ndex": "#864",
    "name": "Cursola",
    "type1": "Ghost",
    "URL": "https://bulbapedia.bulbagarden.net//wiki/Cursola_%28Pok%C3%A9mon%29"
  },
  {
    "kdex": "#219",
    "ndex": "#865",
    "name": "Sirfetch'd",
    "type1": "Fighting",
    "URL": "https://bulbapedia.bulbagarden.net//wiki/Sirfetch%27d_%28Pok%C3%A9mon%29"
  },
  {
    "kdex": "#366",
    "ndex": "#866",
    "name": "Mr. Rime",
    "type1": "Ice",
    "type2": "Psychic",
    "URL": "https://bulbapedia.bulbagarden.net//wiki/Mr._Rime_%28Pok%C3%A9mon%29"
  },
  {
    "kdex": "#328",
    "ndex": "#867",
    "name": "Runerigus",
    "type1": "Ground",
    "type2": "Ghost",
    "URL": "https://bulbapedia.bulbagarden.net//wiki/Runerigus_%28Pok%C3%A9mon%29"
  },
  {
    "kdex": "#185",
    "ndex": "#868",
    "name": "Milcery",
    "type1": "Fairy",
    "URL": "https://bulbapedia.bulbagarden.net//wiki/Milcery_%28Pok%C3%A9mon%29"
  },
  {
    "kdex": "#186",
    "ndex": "#869",
    "name": "Alcremie",
    "type1": "Fairy",
    "URL": "https://bulbapedia.bulbagarden.net//wiki/Alcremie_%28Pok%C3%A9mon%29"
  },
  {
    "kdex": "#345",
    "ndex": "#870",
    "name": "Falinks",
    "type1": "Fighting",
    "URL": "https://bulbapedia.bulbagarden.net//wiki/Falinks_%28Pok%C3%A9mon%29"
  },
  {
    "kdex": "#353",
    "ndex": "#871",
    "name": "Pincurchin",
    "type1": "Electric",
    "URL": "https://bulbapedia.bulbagarden.net//wiki/Pincurchin_%28Pok%C3%A9mon%29"
  },
  {
    "kdex": "#349",
    "ndex": "#872",
    "name": "Snom",
    "type1": "Ice",
    "type2": "Bug",
    "URL": "https://bulbapedia.bulbagarden.net//wiki/Snom_%28Pok%C3%A9mon%29"
  },
  {
    "kdex": "#350",
    "ndex": "#873",
    "name": "Frosmoth",
    "type1": "Ice",
    "type2": "Bug",
    "URL": "https://bulbapedia.bulbagarden.net//wiki/Frosmoth_%28Pok%C3%A9mon%29"
  },
  {
    "kdex": "#369",
    "ndex": "#874",
    "name": "Stonjourner",
    "type1": "Rock",
    "URL": "https://bulbapedia.bulbagarden.net//wiki/Stonjourner_%28Pok%C3%A9mon%29"
  },
  {
    "kdex": "#370",
    "ndex": "#875",
    "name": "Eiscue",
    "type1": "Ice",
    "URL": "https://bulbapedia.bulbagarden.net//wiki/Eiscue_%28Pok%C3%A9mon%29"
  },
  {
    "kdex": "#337",
    "ndex": "#876",
    "name": "Indeedee",
    "type1": "Psychic",
    "type2": "Normal",
    "URL": "https://bulbapedia.bulbagarden.net//wiki/Indeedee_%28Pok%C3%A9mon%29"
  },
  {
    "kdex": "#344",
    "ndex": "#877",
    "name": "Morpeko",
    "type1": "Electric",
    "type2": "Dark",
    "URL": "https://bulbapedia.bulbagarden.net//wiki/Morpeko_%28Pok%C3%A9mon%29"
  },
  {
    "kdex": "#302",
    "ndex": "#878",
    "name": "Cufant",
    "type1": "Steel",
    "URL": "https://bulbapedia.bulbagarden.net//wiki/Cufant_%28Pok%C3%A9mon%29"
  },
  {
    "kdex": "#303",
    "ndex": "#879",
    "name": "Copperajah",
    "type1": "Steel",
    "URL": "https://bulbapedia.bulbagarden.net//wiki/Copperajah_%28Pok%C3%A9mon%29"
  },
  {
    "kdex": "#374",
    "ndex": "#880",
    "name": "Dracozolt",
    "type1": "Electric",
    "type2": "Dragon",
    "URL": "https://bulbapedia.bulbagarden.net//wiki/Dracozolt_%28Pok%C3%A9mon%29"
  },
  {
    "kdex": "#375",
    "ndex": "#881",
    "name": "Arctozolt",
    "type1": "Electric",
    "type2": "Ice",
    "URL": "https://bulbapedia.bulbagarden.net//wiki/Arctozolt_%28Pok%C3%A9mon%29"
  },
  {
    "kdex": "#376",
    "ndex": "#882",
    "name": "Dracovish",
    "type1": "Water",
    "type2": "Dragon",
    "URL": "https://bulbapedia.bulbagarden.net//wiki/Dracovish_%28Pok%C3%A9mon%29"
  },
  {
    "kdex": "#377",
    "ndex": "#883",
    "name": "Arctovish",
    "type1": "Water",
    "type2": "Ice",
    "URL": "https://bulbapedia.bulbagarden.net//wiki/Arctovish_%28Pok%C3%A9mon%29"
  },
  {
    "kdex": "#371",
    "ndex": "#884",
    "name": "Duraludon",
    "type1": "Steel",
    "type2": "Dragon",
    "URL": "https://bulbapedia.bulbagarden.net//wiki/Duraludon_%28Pok%C3%A9mon%29"
  },
  {
    "kdex": "#395",
    "ndex": "#885",
    "name": "Dreepy",
    "type1": "Dragon",
    "type2": "Ghost",
    "URL": "https://bulbapedia.bulbagarden.net//wiki/Dreepy_%28Pok%C3%A9mon%29"
  },
  {
    "kdex": "#396",
    "ndex": "#886",
    "name": "Drakloak",
    "type1": "Dragon",
    "type2": "Ghost",
    "URL": "https://bulbapedia.bulbagarden.net//wiki/Drakloak_%28Pok%C3%A9mon%29"
  },
  {
    "kdex": "#397",
    "ndex": "#887",
    "name": "Dragapult",
    "type1": "Dragon",
    "type2": "Ghost",
    "URL": "https://bulbapedia.bulbagarden.net//wiki/Dragapult_%28Pok%C3%A9mon%29"
  },
  {
    "kdex": "#398",
    "ndex": "#888",
    "name": "Zacian",
    "type1": "Fairy",
    "URL": "https://bulbapedia.bulbagarden.net//wiki/Zacian_%28Pok%C3%A9mon%29"
  },
  {
    "kdex": "#398",
    "ndex": "#888",
    "name": "Zacian",
    "type1": "Fairy",
    "type2": "Steel",
    "URL": "https://bulbapedia.bulbagarden.net//wiki/Zacian_%28Pok%C3%A9mon%29"
  },
  {
    "kdex": "#399",
    "ndex": "#889",
    "name": "Zamazenta",
    "type1": "Fighting",
    "URL": "https://bulbapedia.bulbagarden.net//wiki/Zamazenta_%28Pok%C3%A9mon%29"
  },
  {
    "kdex": "#399",
    "ndex": "#889",
    "name": "Zamazenta",
    "type1": "Fighting",
    "type2": "Steel",
    "URL": "https://bulbapedia.bulbagarden.net//wiki/Zamazenta_%28Pok%C3%A9mon%29"
  },
  {
    "kdex": "#400",
    "ndex": "#890",
    "name": "Eternatus",
    "type1": "Poison",
    "type2": "Dragon",
    "URL": "https://bulbapedia.bulbagarden.net//wiki/Eternatus_%28Pok%C3%A9mon%29"
  },
  {
    "kdex": "#---",
    "ndex": "#891",
    "name": "Kubfu",
    "type1": "Fighting",
    "URL": "https://bulbapedia.bulbagarden.net//wiki/Kubfu_%28Pok%C3%A9mon%29"
  },
  {
    "kdex": "#---",
    "ndex": "#892",
    "name": "Urshifu",
    "type1": "Fighting",
    "type2": "Dark",
    "URL": "https://bulbapedia.bulbagarden.net//wiki/Urshifu_%28Pok%C3%A9mon%29"
  },
  {
    "kdex": "#---",
    "ndex": "#892",
    "name": "Urshifu",
    "type1": "Fighting",
    "type2": "Water",
    "URL": "https://bulbapedia.bulbagarden.net//wiki/Urshifu_%28Pok%C3%A9mon%29"
  },
  {
    "kdex": "#---",
    "ndex": "#893",
    "name": "Zarude",
    "type1": "Dark",
    "type2": "Grass",
    "URL": "https://bulbapedia.bulbagarden.net//wiki/Zarude_%28Pok%C3%A9mon%29"
  },
  {
    "kdex": "#---",
    "ndex": "#894",
    "name": "Regieleki",
    "type1": "Electric",
    "URL": "https://bulbapedia.bulbagarden.net//wiki/Regieleki_%28Pok%C3%A9mon%29"
  },
  {
    "kdex": "#---",
    "ndex": "#895",
    "name": "Regidrago",
    "type1": "Dragon",
    "URL": "https://bulbapedia.bulbagarden.net//wiki/Regidrago_%28Pok%C3%A9mon%29"
  },
  {
    "kdex": "#---",
    "ndex": "#896",
    "name": "Glastrier",
    "type1": "Ice",
    "URL": "https://bulbapedia.bulbagarden.net//wiki/Glastrier_%28Pok%C3%A9mon%29"
  },
  {
    "kdex": "#---",
    "ndex": "#897",
    "name": "Spectrier",
    "type1": "Ghost",
    "URL": "https://bulbapedia.bulbagarden.net//wiki/Spectrier_%28Pok%C3%A9mon%29"
  },
  {
    "kdex": "#---",
    "ndex": "#898",
    "name": "Calyrex",
    "type1": "Psychic",
    "type2": "Grass",
    "URL": "https://bulbapedia.bulbagarden.net//wiki/Calyrex_%28Pok%C3%A9mon%29"
  },
  {
    "kdex": "#---",
    "ndex": "#898",
    "name": "Calyrex",
    "type1": "Psychic",
    "type2": "Ice",
    "URL": "https://bulbapedia.bulbagarden.net//wiki/Calyrex_%28Pok%C3%A9mon%29"
  },
  {
    "kdex": "#---",
    "ndex": "#898",
    "name": "Calyrex",
    "type1": "Psychic",
    "type2": "Ghost",
    "URL": "https://bulbapedia.bulbagarden.net//wiki/Calyrex_%28Pok%C3%A9mon%29"
  }
]
